date,token,stoploss,max_order,net_P&L,time
2022-09-01,BNF,0.5,3,101.75000000000001,1.6730453968048096
2022-09-08,BNF,0.5,3,74.3,1.1308624744415283
2022-09-15,BNF,0.5,3,45.05000000000001,1.0565054416656494
2022-09-22,BNF,0.5,3,74.85000000000002,1.252701997756958
2022-09-29,BNF,0.5,3,212.85,1.9566526412963867
2022-10-06,BNF,0.5,3,203.64999999999998,1.713258981704712
2022-10-13,BNF,0.5,3,223.45000000000002,2.4544172286987305
2022-10-20,BNF,0.5,3,-26.900000000000006,1.6816425323486328
2022-10-27,BNF,0.5,3,25.35000000000001,1.6045424938201904
2022-11-03,BNF,0.5,3,37.90000000000002,1.8514399528503418
2022-11-10,BNF,0.5,3,50.749999999999986,1.581392765045166
2022-11-17,BNF,0.5,3,96.2,1.556877613067627
2022-11-24,BNF,0.5,3,51.20000000000001,1.9647300243377686
2022-12-01,BNF,0.5,3,26.15000000000003,1.7074849605560303
2022-12-08,BNF,0.5,3,167.55,2.373711585998535
2022-12-15,BNF,0.5,3,102.2,1.9786157608032227
2022-12-22,BNF,0.5,3,141.25,1.5491681098937988
2022-12-29,BNF,0.5,3,57.650000000000006,3.1743357181549072
2023-01-05,BNF,0.5,3,66.99999999999999,2.1703341007232666
2023-01-12,BNF,0.5,3,19.949999999999992,2.0053670406341553
2023-01-19,BNF,0.5,3,-18.94999999999999,2.2710652351379395
2023-01-25,BNF,0.5,3,88.30000000000001,3.368091583251953
2023-02-02,BNF,0.5,3,254.55000000000004,1.6376214027404785
2023-02-09,BNF,0.5,3,78.4,1.907419204711914
2023-02-16,BNF,0.5,3,52.000000000000014,1.3521795272827148
2023-02-23,BNF,0.5,3,4.300000000000026,2.8195245265960693
2023-03-02,BNF,0.5,3,50.4,2.5190699100494385
2023-03-09,BNF,0.5,3,91.05,2.147470474243164
2023-03-16,BNF,0.5,3,11.300000000000011,1.1898982524871826
2023-03-23,BNF,0.5,3,143.55,1.7385191917419434
2023-03-29,BNF,0.5,3,53.05,2.667776584625244
2023-04-06,BNF,0.5,3,123.25,1.5971958637237549
2023-04-13,BNF,0.5,3,51.2,1.5931620597839355
2023-04-20,BNF,0.5,3,-39.7,1.4153220653533936
2023-04-27,BNF,0.5,3,-23.250000000000004,2.464369058609009
2023-05-04,BNF,0.5,3,89.5,1.670861005783081
2023-05-11,BNF,0.5,3,17.549999999999997,1.7645728588104248
2023-05-18,BNF,0.5,3,-26.349999999999994,1.8314969539642334
2023-05-25,BNF,0.5,3,45.550000000000026,3.338627576828003
2023-06-01,BNF,0.5,3,71.74999999999997,2.5101001262664795
2023-06-08,BNF,0.5,3,34.250000000000014,1.6637532711029053
2023-06-15,BNF,0.5,3,70.75000000000001,3.1131906509399414
2023-06-22,BNF,0.5,3,102.25000000000003,1.6721367835998535
2023-07-13,BNF,0.5,3,0,19.48426103591919
2022-09-01,BNF,0.55,3,67.34999999999998,2.0669262409210205
2022-09-08,BNF,0.55,3,65.70000000000002,1.2300269603729248
2022-09-15,BNF,0.55,3,11.05000000000004,1.333329439163208
2022-09-22,BNF,0.55,3,48.450000000000024,1.4737262725830078
2022-09-29,BNF,0.55,3,207.45,1.995126724243164
2022-10-06,BNF,0.55,3,197.65,1.8174030780792236
2022-10-13,BNF,0.55,3,211.45,2.0988123416900635
2022-10-20,BNF,0.55,3,-54.60000000000004,1.4189202785491943
2022-10-27,BNF,0.55,3,114.24999999999999,1.527519941329956
2022-11-03,BNF,0.55,3,27.600000000000005,1.918747901916504
2022-11-10,BNF,0.55,3,47.34999999999998,1.6553025245666504
2022-11-17,BNF,0.55,3,91.5,1.3158464431762695
2022-11-24,BNF,0.55,3,40.550000000000004,2.2326605319976807
2022-12-01,BNF,0.55,3,63.00000000000001,1.4139230251312256
2022-12-08,BNF,0.55,3,160.35,2.3103878498077393
2022-12-15,BNF,0.55,3,108.5,2.1624414920806885
2022-12-22,BNF,0.55,3,106.94999999999999,1.660597324371338
2022-12-29,BNF,0.55,3,55.650000000000006,3.83689546585083
2023-01-05,BNF,0.55,3,52.49999999999999,2.2143373489379883
2023-01-12,BNF,0.55,3,17.75,1.8461179733276367
2023-01-19,BNF,0.55,3,52.69999999999998,2.117170572280884
2023-01-25,BNF,0.55,3,-60.400000000000006,4.053144931793213
2023-02-02,BNF,0.55,3,203.3500000000001,1.3798658847808838
2023-02-09,BNF,0.55,3,70.0,1.7030220031738281
2023-02-16,BNF,0.55,3,46.1,1.4940555095672607
2023-02-23,BNF,0.55,3,-31.69999999999999,2.515984535217285
2023-03-02,BNF,0.55,3,98.39999999999999,2.5676002502441406
2023-03-09,BNF,0.55,3,75.65,2.0696332454681396
2023-03-16,BNF,0.55,3,225.75000000000009,1.2054095268249512
2023-03-23,BNF,0.55,3,136.65,1.8803050518035889
2023-03-29,BNF,0.55,3,38.150000000000006,2.5848817825317383
2023-04-06,BNF,0.55,3,51.599999999999994,1.5456833839416504
2023-04-13,BNF,0.55,3,35.600000000000016,1.6961352825164795
2023-04-20,BNF,0.55,3,-8.599999999999994,1.3209657669067383
2023-04-27,BNF,0.55,3,-11.600000000000009,2.4126555919647217
2023-05-04,BNF,0.55,3,84.5,1.652771234512329
2023-05-11,BNF,0.55,3,87.0,2.197733163833618
2023-05-18,BNF,0.55,3,30.150000000000006,1.7619304656982422
2023-05-25,BNF,0.55,3,65.94999999999999,3.3173723220825195
2023-06-01,BNF,0.55,3,54.05,2.0439260005950928
2023-06-08,BNF,0.55,3,1.6000000000000156,1.9109487533569336
2023-06-15,BNF,0.55,3,65.65,3.1304502487182617
2023-06-22,BNF,0.55,3,97.75,1.669107437133789
2023-07-13,BNF,0.55,3,0,18.722652435302734
2022-09-01,BNF,0.6,3,31.04999999999994,2.032986640930176
2022-09-08,BNF,0.6,3,57.000000000000014,1.3118646144866943
2022-09-15,BNF,0.6,3,-21.650000000000034,1.4501535892486572
2022-09-22,BNF,0.6,3,50.95,1.6427006721496582
2022-09-29,BNF,0.6,3,202.15,1.817443609237671
2022-10-06,BNF,0.6,3,191.64999999999998,1.845137357711792
2022-10-13,BNF,0.6,3,199.45,2.0633060932159424
2022-10-20,BNF,0.6,3,-80.40000000000002,1.533574104309082
2022-10-27,BNF,0.6,3,108.14999999999999,1.3412652015686035
2022-11-03,BNF,0.6,3,17.299999999999994,1.8681023120880127
2022-11-10,BNF,0.6,3,41.15,1.595672845840454
2022-11-17,BNF,0.6,3,102.89999999999999,1.5956616401672363
2022-11-24,BNF,0.6,3,32.35,2.380948543548584
2022-12-01,BNF,0.6,3,59.300000000000004,1.2951526641845703
2022-12-08,BNF,0.6,3,-38.900000000000006,2.1824569702148438
2022-12-15,BNF,0.6,3,105.4,2.1033060550689697
2022-12-22,BNF,0.6,3,54.199999999999946,1.4551968574523926
2022-12-29,BNF,0.6,3,53.55000000000001,3.716597557067871
2023-01-05,BNF,0.6,3,20.10000000000003,2.4654009342193604
2023-01-12,BNF,0.6,3,-26.149999999999952,1.8635993003845215
2023-01-19,BNF,0.6,3,41.19999999999999,1.8927559852600098
2023-01-25,BNF,0.6,3,-65.9,3.944624423980713
2023-02-02,BNF,0.6,3,135.0000000000001,1.4524478912353516
2023-02-09,BNF,0.6,3,61.500000000000014,1.7227933406829834
2023-02-16,BNF,0.6,3,40.20000000000002,1.4563629627227783
2023-02-23,BNF,0.6,3,1.5000000000000426,4.971456050872803
2023-03-02,BNF,0.6,3,93.3,2.544182538986206
2023-03-09,BNF,0.6,3,60.450000000000024,2.5963685512542725
2023-03-16,BNF,0.6,3,196.70000000000002,1.6573305130004883
2023-03-23,BNF,0.6,3,129.75,1.5960578918457031
2023-03-29,BNF,0.6,3,50.8,3.8014943599700928
2023-04-06,BNF,0.6,3,51.35000000000002,1.3791918754577637
2023-04-13,BNF,0.6,3,37.1,2.905573844909668
2023-04-20,BNF,0.6,3,-22.799999999999997,1.5465097427368164
2023-04-27,BNF,0.6,3,1.4499999999999957,2.2853891849517822
2023-05-04,BNF,0.6,3,79.6,1.7537250518798828
2023-05-11,BNF,0.6,3,75.29999999999997,2.184070110321045
2023-05-18,BNF,0.6,3,17.299999999999983,2.0856199264526367
2023-05-25,BNF,0.6,3,10.600000000000009,3.067199230194092
2023-06-01,BNF,0.6,3,47.94999999999999,2.341036319732666
2023-06-08,BNF,0.6,3,-11.099999999999998,1.916163444519043
2023-06-15,BNF,0.6,3,60.65000000000001,3.206955671310425
2023-06-22,BNF,0.6,3,93.25000000000001,1.6257398128509521
2023-07-13,BNF,0.6,3,0,18.873230457305908
2022-09-01,BNF,0.65,3,-44.250000000000014,2.117327928543091
2022-09-08,BNF,0.65,3,48.40000000000001,1.3142540454864502
2022-09-15,BNF,0.65,3,-53.65000000000005,1.3351824283599854
2022-09-22,BNF,0.65,3,25.150000000000023,1.712904453277588
2022-09-29,BNF,0.65,3,199.75,1.9410300254821777
2022-10-06,BNF,0.65,3,185.74999999999994,2.0485999584198
2022-10-13,BNF,0.65,3,187.14999999999995,2.0989370346069336
2022-10-20,BNF,0.65,3,50.84999999999998,1.7153782844543457
2022-10-27,BNF,0.65,3,102.05,1.6196885108947754
2022-11-03,BNF,0.65,3,6.999999999999983,1.8899543285369873
2022-11-10,BNF,0.65,3,34.949999999999996,1.817716360092163
2022-11-17,BNF,0.65,3,98.69999999999999,1.794243574142456
2022-11-24,BNF,0.65,3,20.6,1.7383074760437012
2022-12-01,BNF,0.65,3,55.5,1.4494099617004395
2022-12-08,BNF,0.65,3,-43.0,2.3736953735351562
2022-12-15,BNF,0.65,3,102.2,2.0187649726867676
2022-12-22,BNF,0.65,3,28.64999999999997,1.491532564163208
2022-12-29,BNF,0.65,3,51.55000000000001,3.8267688751220703
2023-01-05,BNF,0.65,3,12.499999999999982,2.2637245655059814
2023-01-12,BNF,0.65,3,-54.94999999999997,1.9432346820831299
2023-01-19,BNF,0.65,3,69.10000000000001,2.1126763820648193
2023-01-25,BNF,0.65,3,-71.4,4.120839357376099
2023-02-02,BNF,0.65,3,168.65000000000003,1.2978837490081787
2023-02-09,BNF,0.65,3,53.000000000000014,1.8448543548583984
2023-02-16,BNF,0.65,3,34.400000000000006,1.495253086090088
2023-02-23,BNF,0.65,3,-30.699999999999953,4.093008995056152
2023-03-02,BNF,0.65,3,88.2,2.3113205432891846
2023-03-09,BNF,0.65,3,56.49999999999998,2.322784900665283
2023-03-16,BNF,0.65,3,165.50000000000006,1.2805507183074951
2023-03-23,BNF,0.65,3,122.75000000000001,1.4868018627166748
2023-03-29,BNF,0.65,3,37.199999999999974,3.4772183895111084
2023-04-06,BNF,0.65,3,38.65000000000002,1.351757526397705
2023-04-13,BNF,0.65,3,31.35000000000001,2.0229108333587646
2023-04-20,BNF,0.65,3,12.899999999999999,1.5760831832885742
2023-04-27,BNF,0.65,3,-25.50000000000003,1.8669822216033936
2023-05-04,BNF,0.65,3,74.6,1.6004137992858887
2023-05-11,BNF,0.65,3,63.59999999999997,2.2138988971710205
2023-05-18,BNF,0.65,3,2.6500000000000057,1.8225185871124268
2023-05-25,BNF,0.65,3,-2.70000000000001,3.311152458190918
2023-06-01,BNF,0.65,3,41.95000000000002,2.2448086738586426
2023-06-08,BNF,0.65,3,-23.899999999999988,2.0005483627319336
2023-06-15,BNF,0.65,3,-29.25,3.2747960090637207
2023-06-22,BNF,0.65,3,88.65000000000002,1.7461769580841064
2023-07-13,BNF,0.65,3,0,18.904824018478394
2022-09-01,BNF,0.7,3,8.199999999999974,1.976170539855957
2022-09-08,BNF,0.7,3,39.800000000000004,1.4606022834777832
2022-09-15,BNF,0.7,3,36.250000000000014,1.1508331298828125
2022-09-22,BNF,0.7,3,-3.649999999999956,1.74003005027771
2022-09-29,BNF,0.7,3,194.55,1.9971210956573486
2022-10-06,BNF,0.7,3,179.74999999999997,1.9224426746368408
2022-10-13,BNF,0.7,3,175.14999999999998,2.050668954849243
2022-10-20,BNF,0.7,3,31.699999999999996,2.022887706756592
2022-10-27,BNF,0.7,3,95.95,1.6199512481689453
2022-11-03,BNF,0.7,3,-3.399999999999994,2.124826192855835
2022-11-10,BNF,0.7,3,28.74999999999999,1.5899550914764404
2022-11-17,BNF,0.7,3,94.4,1.607787847518921
2022-11-24,BNF,0.7,3,16.099999999999998,1.8690624237060547
2022-12-01,BNF,0.7,3,51.80000000000001,1.3737154006958008
2022-12-08,BNF,0.7,3,-47.099999999999994,2.26674222946167
2022-12-15,BNF,0.7,3,99.2,2.193887233734131
2022-12-22,BNF,0.7,3,38.19999999999997,1.3255255222320557
2022-12-29,BNF,0.7,3,49.55000000000001,3.7787959575653076
2023-01-05,BNF,0.7,3,98.55000000000003,1.9681103229522705
2023-01-12,BNF,0.7,3,115.30000000000001,1.7044026851654053
2023-01-19,BNF,0.7,3,105.9,2.479431629180908
2023-01-25,BNF,0.7,3,-76.9,4.9981701374053955
2023-02-02,BNF,0.7,3,252.04999999999993,1.7868435382843018
2023-02-09,BNF,0.7,3,44.50000000000001,1.8261163234710693
2023-02-16,BNF,0.7,3,28.50000000000002,1.4847853183746338
2023-02-23,BNF,0.7,3,-73.9,4.146151065826416
2023-03-02,BNF,0.7,3,-51.849999999999994,2.3763206005096436
2023-03-09,BNF,0.7,3,41.4,2.0391886234283447
2023-03-16,BNF,0.7,3,159.10000000000005,1.2215185165405273
2023-03-23,BNF,0.7,3,115.85,1.8744144439697266
2023-03-29,BNF,0.7,3,23.49999999999999,4.093477487564087
2023-04-06,BNF,0.7,3,122.15000000000002,1.4018170833587646
2023-04-13,BNF,0.7,3,4.7500000000000195,1.8175098896026611
2023-04-20,BNF,0.7,3,-0.6999999999999815,1.5617260932922363
2023-04-27,BNF,0.7,3,-33.10000000000001,1.677645206451416
2023-05-04,BNF,0.7,3,-38.2,1.8124394416809082
2023-05-11,BNF,0.7,3,51.79999999999997,2.0769970417022705
2023-05-18,BNF,0.7,3,-15.099999999999994,1.6763617992401123
2023-05-25,BNF,0.7,3,-15.09999999999997,3.0348763465881348
2023-06-01,BNF,0.7,3,35.849999999999994,2.0152647495269775
2023-06-08,BNF,0.7,3,-36.59999999999999,1.8169124126434326
2023-06-15,BNF,0.7,3,-34.25,3.167963981628418
2023-06-22,BNF,0.7,3,84.15,1.7286114692687988
2023-07-13,BNF,0.7,3,0,18.891661405563354
2022-09-01,BNF,0.75,3,78.10000000000001,2.23978853225708
2022-09-08,BNF,0.75,3,31.10000000000001,1.2783982753753662
2022-09-15,BNF,0.75,3,16.549999999999983,1.2151646614074707
2022-09-22,BNF,0.75,3,220.2,1.5780823230743408
2022-09-29,BNF,0.75,3,189.35,1.7702140808105469
2022-10-06,BNF,0.75,3,173.75,1.8586349487304688
2022-10-13,BNF,0.75,3,163.05,2.3426754474639893
2022-10-20,BNF,0.75,3,58.94999999999999,2.2651495933532715
2022-10-27,BNF,0.75,3,89.85000000000001,1.4761838912963867
2022-11-03,BNF,0.75,3,-154.65,1.8887615203857422
2022-11-10,BNF,0.75,3,22.549999999999983,1.62469482421875
2022-11-17,BNF,0.75,3,90.29999999999998,1.527953863143921
2022-11-24,BNF,0.75,3,11.800000000000004,1.916748285293579
2022-12-01,BNF,0.75,3,82.60000000000001,1.4598515033721924
2022-12-08,BNF,0.75,3,-51.20000000000002,2.084393262863159
2022-12-15,BNF,0.75,3,96.1,2.0326623916625977
2022-12-22,BNF,0.75,3,29.99999999999999,1.4348399639129639
2022-12-29,BNF,0.75,3,47.55000000000001,4.621835947036743
2023-01-05,BNF,0.75,3,92.05000000000001,1.900402307510376
2023-01-12,BNF,0.75,3,151.0,1.8926968574523926
2023-01-19,BNF,0.75,3,43.95,2.197803497314453
2023-01-25,BNF,0.75,3,-82.4,3.9991769790649414
2023-02-02,BNF,0.75,3,214.84999999999997,1.4159419536590576
2023-02-09,BNF,0.75,3,36.00000000000003,1.7957332134246826
2023-02-16,BNF,0.75,3,22.700000000000003,1.52940034866333
2023-02-23,BNF,0.75,3,-156.54999999999995,4.4903950691223145
2023-03-02,BNF,0.75,3,-56.95000000000002,2.601825714111328
2023-03-09,BNF,0.75,3,26.600000000000012,2.332777500152588
2023-03-16,BNF,0.75,3,128.2,1.6181936264038086
2023-03-23,BNF,0.75,3,108.95,1.691572666168213
2023-03-29,BNF,0.75,3,9.89999999999997,3.351423740386963
2023-04-06,BNF,0.75,3,112.35000000000001,1.4793741703033447
2023-04-13,BNF,0.75,3,-10.49999999999998,2.3878893852233887
2023-04-20,BNF,0.75,3,-14.899999999999991,1.8801088333129883
2023-04-27,BNF,0.75,3,-40.7,2.059711456298828
2023-05-04,BNF,0.75,3,-42.7,1.9914500713348389
2023-05-11,BNF,0.75,3,38.199999999999974,2.2493245601654053
2023-05-18,BNF,0.75,3,-27.700000000000003,1.7106175422668457
2023-05-25,BNF,0.75,3,-27.4,3.502422332763672
2023-06-01,BNF,0.75,3,29.75,2.7128684520721436
2023-06-08,BNF,0.75,3,-14.199999999999989,1.9725580215454102
2023-06-15,BNF,0.75,3,-39.25,3.344365358352661
2023-06-22,BNF,0.75,3,79.65,1.6559765338897705
2023-07-13,BNF,0.75,3,0,21.61204481124878
2022-09-01,BNF,0.8,3,56.80000000000002,2.6560490131378174
2022-09-08,BNF,0.8,3,-84.80000000000001,2.2878665924072266
2022-09-15,BNF,0.8,3,-1.5499999999999972,1.3553221225738525
2022-09-22,BNF,0.8,3,212.0,2.0586910247802734
2022-09-29,BNF,0.8,3,184.14999999999998,2.118860960006714
2022-10-06,BNF,0.8,3,167.74999999999997,2.1924970149993896
2022-10-13,BNF,0.8,3,150.95,2.205857515335083
2022-10-20,BNF,0.8,3,48.949999999999996,2.6375410556793213
2022-10-27,BNF,0.8,3,83.75000000000001,1.9009795188903809
2022-11-03,BNF,0.8,3,-164.95000000000002,2.3566975593566895
2022-11-10,BNF,0.8,3,16.349999999999977,1.8688015937805176
2022-11-17,BNF,0.8,3,86.0,1.74476957321167
2022-11-24,BNF,0.8,3,7.399999999999999,2.4609251022338867
2022-12-01,BNF,0.8,3,79.80000000000001,1.6603283882141113
2022-12-08,BNF,0.8,3,-55.400000000000006,2.251077890396118
2022-12-15,BNF,0.8,3,92.89999999999999,2.3394615650177
2022-12-22,BNF,0.8,3,21.899999999999977,1.3650200366973877
2022-12-29,BNF,0.8,3,45.55000000000001,4.079536437988281
2023-01-05,BNF,0.8,3,85.45000000000002,2.0655853748321533
2023-01-12,BNF,0.8,3,138.6,1.907287836074829
2023-01-19,BNF,0.8,3,41.55000000000001,2.133131742477417
2023-01-25,BNF,0.8,3,-87.9,3.93564772605896
2023-02-02,BNF,0.8,3,170.80000000000007,1.5216064453125
2023-02-09,BNF,0.8,3,27.499999999999993,1.8210060596466064
2023-02-16,BNF,0.8,3,16.80000000000002,1.8584113121032715
2023-02-23,BNF,0.8,3,28.150000000000027,2.7635905742645264
2023-03-02,BNF,0.8,3,-62.150000000000006,2.2197928428649902
2023-03-09,BNF,0.8,3,-55.75000000000001,2.644916534423828
2023-03-16,BNF,0.8,3,97.29999999999998,1.253525733947754
2023-03-23,BNF,0.8,3,101.95000000000002,1.5347299575805664
2023-03-29,BNF,0.8,3,-0.30000000000000426,3.2740609645843506
2023-04-06,BNF,0.8,3,92.05000000000003,1.6099588871002197
2023-04-13,BNF,0.8,3,45.24999999999999,1.6783931255340576
2023-04-20,BNF,0.8,3,-27.80000000000001,1.4849982261657715
2023-04-27,BNF,0.8,3,-48.40000000000002,1.7097651958465576
2023-05-04,BNF,0.8,3,-47.2,1.7331397533416748
2023-05-11,BNF,0.8,3,27.04999999999999,2.195085048675537
2023-05-18,BNF,0.8,3,-40.999999999999986,1.809870958328247
2023-05-25,BNF,0.8,3,-39.699999999999996,3.050205707550049
2023-06-01,BNF,0.8,3,23.64999999999999,1.949723482131958
2023-06-08,BNF,0.8,3,-23.099999999999966,1.9341380596160889
2023-06-15,BNF,0.8,3,-44.150000000000006,3.1306800842285156
2023-06-22,BNF,0.8,3,75.14999999999999,1.4028656482696533
2023-07-13,BNF,0.8,3,0,19.694634675979614
2022-09-01,BNF,0.85,3,37.69999999999998,2.2294204235076904
2022-09-08,BNF,0.85,3,-91.79999999999998,1.9886622428894043
2022-09-15,BNF,0.85,3,88.50000000000001,1.3906137943267822
2022-09-22,BNF,0.85,3,203.8,1.6918110847473145
2022-09-29,BNF,0.85,3,178.85000000000002,2.0474963188171387
2022-10-06,BNF,0.85,3,161.75,1.776930809020996
2022-10-13,BNF,0.85,3,134.34999999999997,1.944310188293457
2022-10-20,BNF,0.85,3,20.700000000000003,1.9571847915649414
2022-10-27,BNF,0.85,3,77.64999999999999,1.597538948059082
2022-11-03,BNF,0.85,3,-175.24999999999997,2.0820255279541016
2022-11-10,BNF,0.85,3,10.05,1.6206953525543213
2022-11-17,BNF,0.85,3,83.4,1.7117877006530762
2022-11-24,BNF,0.85,3,3.000000000000007,1.8348829746246338
2022-12-01,BNF,0.85,3,77.10000000000002,1.597015380859375
2022-12-08,BNF,0.85,3,-59.5,2.001577854156494
2022-12-15,BNF,0.85,3,89.8,2.034538984298706
2022-12-22,BNF,0.85,3,13.7,1.2040176391601562
2022-12-29,BNF,0.85,3,43.55000000000001,4.117654800415039
2023-01-05,BNF,0.85,3,78.85000000000001,2.0651581287384033
2023-01-12,BNF,0.85,3,126.19999999999999,1.7553465366363525
2023-01-19,BNF,0.85,3,39.150000000000006,2.2973291873931885
2023-01-25,BNF,0.85,3,-93.4,3.94964599609375
2023-02-02,BNF,0.85,3,123.10000000000007,1.4027259349822998
2023-02-09,BNF,0.85,3,19.100000000000016,1.7086875438690186
2023-02-16,BNF,0.85,3,11.0,1.5548474788665771
2023-02-23,BNF,0.85,3,7.249999999999986,2.6419429779052734
2023-03-02,BNF,0.85,3,-67.25,2.023829221725464
2023-03-09,BNF,0.85,3,-51.0,1.818462610244751
2023-03-16,BNF,0.85,3,66.60000000000001,1.0723226070404053
2023-03-23,BNF,0.85,3,95.05,1.467827558517456
2023-03-29,BNF,0.85,3,-13.599999999999984,2.724839448928833
2023-04-06,BNF,0.85,3,84.15000000000002,1.220055341720581
2023-04-13,BNF,0.85,3,-57.45,1.6830453872680664
2023-04-20,BNF,0.85,3,-40.60000000000001,1.2985053062438965
2023-04-27,BNF,0.85,3,50.39999999999999,1.944143295288086
2023-05-04,BNF,0.85,3,-51.7,1.6269128322601318
2023-05-11,BNF,0.85,3,7.849999999999966,2.004934072494507
2023-05-18,BNF,0.85,3,-48.999999999999986,1.8278827667236328
2023-05-25,BNF,0.85,3,-59.199999999999974,2.6184558868408203
2023-06-01,BNF,0.85,3,17.650000000000006,1.8167495727539062
2023-06-08,BNF,0.85,3,-34.79999999999998,1.8425164222717285
2023-06-15,BNF,0.85,3,-49.150000000000006,2.8552844524383545
2023-06-22,BNF,0.85,3,70.55,1.3627233505249023
2023-07-13,BNF,0.85,3,0,15.452560424804688
2022-09-01,BNF,0.9,3,18.399999999999974,1.671593189239502
2022-09-08,BNF,0.9,3,-98.70000000000002,2.1662001609802246
2022-09-15,BNF,0.9,3,100.65000000000002,0.9776654243469238
2022-09-22,BNF,0.9,3,195.70000000000005,1.64266037940979
2022-09-29,BNF,0.9,3,173.75,1.7355566024780273
2022-10-06,BNF,0.9,3,155.84999999999997,1.669520378112793
2022-10-13,BNF,0.9,3,122.25000000000003,1.7671658992767334
2022-10-20,BNF,0.9,3,10.79999999999999,1.7822039127349854
2022-10-27,BNF,0.9,3,71.54999999999998,1.5339360237121582
2022-11-03,BNF,0.9,3,-185.54999999999998,1.549112319946289
2022-11-10,BNF,0.9,3,3.8499999999999943,1.3842849731445312
2022-11-17,BNF,0.9,3,79.19999999999999,1.8467438220977783
2022-11-24,BNF,0.9,3,-1.29999999999999,1.8615736961364746
2022-12-01,BNF,0.9,3,74.4,1.4388236999511719
2022-12-08,BNF,0.9,3,-63.599999999999994,2.0201003551483154
2022-12-15,BNF,0.9,3,86.7,1.82499361038208
2022-12-22,BNF,0.9,3,5.699999999999989,1.147141456604004
2022-12-29,BNF,0.9,3,41.45,3.043212652206421
2023-01-05,BNF,0.9,3,72.25000000000001,1.5676870346069336
2023-01-12,BNF,0.9,3,113.7,1.3288309574127197
2023-01-19,BNF,0.9,3,36.85000000000001,1.834489107131958
2023-01-25,BNF,0.9,3,-98.9,3.114596366882324
2023-02-02,BNF,0.9,3,85.9,1.151561975479126
2023-02-09,BNF,0.9,3,241.29999999999998,1.9419317245483398
2023-02-16,BNF,0.9,3,5.100000000000023,1.1870169639587402
2023-02-23,BNF,0.9,3,4.500000000000043,1.8200552463531494
2023-03-02,BNF,0.9,3,-72.35,1.8047306537628174
2023-03-09,BNF,0.9,3,10.899999999999991,1.921797752380371
2023-03-16,BNF,0.9,3,29.80000000000001,1.0205450057983398
2023-03-23,BNF,0.9,3,88.05000000000001,1.2451965808868408
2023-03-29,BNF,0.9,3,-27.00000000000003,2.6313815116882324
2023-04-06,BNF,0.9,3,79.45,1.2472190856933594
2023-04-13,BNF,0.9,3,-67.0,1.4392950534820557
2023-04-20,BNF,0.9,3,-54.24999999999997,1.1740942001342773
2023-04-27,BNF,0.9,3,45.499999999999986,1.6179394721984863
2023-05-04,BNF,0.9,3,-56.10000000000001,1.3897709846496582
2023-05-11,BNF,0.9,3,1.3999999999999986,1.7649204730987549
2023-05-18,BNF,0.9,3,-61.39999999999999,1.4844720363616943
2023-05-25,BNF,0.9,3,-7.2500000000000036,2.2515904903411865
2023-06-01,BNF,0.9,3,11.649999999999991,1.6172637939453125
2023-06-08,BNF,0.9,3,-46.499999999999986,1.5553550720214844
2023-06-15,BNF,0.9,3,-54.150000000000006,2.590191602706909
2023-06-22,BNF,0.9,3,66.05000000000001,1.2265279293060303
2023-07-13,BNF,0.9,3,0,15.225544214248657
2022-09-01,BNF,0.95,3,32.350000000000016,1.761887550354004
2022-09-08,BNF,0.95,3,-105.70000000000002,1.7500691413879395
2022-09-15,BNF,0.95,3,94.05000000000001,0.812523365020752
2022-09-22,BNF,0.95,3,187.40000000000003,1.4262666702270508
2022-09-29,BNF,0.95,3,168.54999999999998,1.5375921726226807
2022-10-06,BNF,0.95,3,149.84999999999997,1.435356616973877
2022-10-13,BNF,0.95,3,110.04999999999998,1.5370678901672363
2022-10-20,BNF,0.95,3,19.849999999999973,1.1754231452941895
2022-10-27,BNF,0.95,3,65.44999999999999,1.3826026916503906
2022-11-03,BNF,0.95,3,-195.85,1.6018486022949219
2022-11-10,BNF,0.95,3,-2.350000000000012,1.2954447269439697
2022-11-17,BNF,0.95,3,74.99999999999999,1.4449341297149658
2022-11-24,BNF,0.95,3,-5.800000000000004,1.5877158641815186
2022-12-01,BNF,0.95,3,71.60000000000001,1.3243334293365479
2022-12-08,BNF,0.95,3,-67.70000000000002,1.9074077606201172
2022-12-15,BNF,0.95,3,-6.599999999999994,2.122885227203369
2022-12-22,BNF,0.95,3,-2.500000000000046,1.0670664310455322
2022-12-29,BNF,0.95,3,39.45,3.132554292678833
2023-01-05,BNF,0.95,3,65.75000000000003,1.5828208923339844
2023-01-12,BNF,0.95,3,101.4,1.370934009552002
2023-01-19,BNF,0.95,3,34.45,1.829606056213379
2023-01-25,BNF,0.95,3,-104.4,3.063351631164551
2023-02-02,BNF,0.95,3,238.95000000000002,1.055180311203003
2023-02-09,BNF,0.95,3,238.8,1.8435966968536377
2023-02-16,BNF,0.95,3,-0.6999999999999957,1.1081361770629883
2023-02-23,BNF,0.95,3,-11.099999999999994,1.7752983570098877
2023-03-02,BNF,0.95,3,-77.45000000000002,1.8268623352050781
2023-03-09,BNF,0.95,3,3.5,1.8251354694366455
2023-03-16,BNF,0.95,3,-1.1000000000000085,1.0142548084259033
2023-03-23,BNF,0.95,3,81.24999999999999,1.2897000312805176
2023-03-29,BNF,0.95,3,-40.30000000000001,2.752098321914673
2023-04-06,BNF,0.95,3,69.75,1.168541431427002
2023-04-13,BNF,0.95,3,-77.49999999999999,1.3647096157073975
2023-04-20,BNF,0.95,3,-67.05000000000003,1.3318703174591064
2023-04-27,BNF,0.95,3,40.8,1.7500317096710205
2023-05-04,BNF,0.95,3,-60.60000000000001,1.398557186126709
2023-05-11,BNF,0.95,3,-10.200000000000014,1.6240239143371582
2023-05-18,BNF,0.95,3,-73.89999999999999,1.5105419158935547
2023-05-25,BNF,0.95,3,-13.749999999999991,2.2434191703796387
2023-06-01,BNF,0.95,3,129.15,2.021318197250366
2023-06-08,BNF,0.95,3,-20.299999999999997,1.532104253768921
2023-06-15,BNF,0.95,3,-59.04999999999998,2.432128667831421
2023-06-22,BNF,0.95,3,61.650000000000006,1.1856870651245117
2023-07-13,BNF,0.95,3,0,15.101415157318115
2022-09-01,BNF,1.0,3,13.75,1.7341279983520508
2022-09-08,BNF,1.0,3,-112.6,1.4530024528503418
2022-09-15,BNF,1.0,3,87.35000000000001,0.858914852142334
2022-09-22,BNF,1.0,3,179.3,1.5301766395568848
2022-09-29,BNF,1.0,3,173.35,1.6684021949768066
2022-10-06,BNF,1.0,3,143.85,1.4892282485961914
2022-10-13,BNF,1.0,3,98.05,1.6040658950805664
2022-10-20,BNF,1.0,3,12.749999999999972,1.1466453075408936
2022-10-27,BNF,1.0,3,117.55,1.6125919818878174
2022-11-03,BNF,1.0,3,-206.15,1.4560623168945312
2022-11-10,BNF,1.0,3,-8.550000000000017,1.2678847312927246
2022-11-17,BNF,1.0,3,70.8,1.3394110202789307
2022-11-24,BNF,1.0,3,-72.75,2.0477845668792725
2022-12-01,BNF,1.0,3,68.9,1.244751214981079
2022-12-08,BNF,1.0,3,-71.80000000000001,1.7077062129974365
2022-12-15,BNF,1.0,3,-9.200000000000003,2.022979974746704
2022-12-22,BNF,1.0,3,-10.6,1.124640703201294
2022-12-29,BNF,1.0,3,45.75,3.1388399600982666
2023-01-05,BNF,1.0,3,59.150000000000034,1.634078025817871
2023-01-12,BNF,1.0,3,89.0,1.5143458843231201
2023-01-19,BNF,1.0,3,32.05000000000001,1.8301072120666504
2023-01-25,BNF,1.0,3,-109.9,3.1230905055999756
2023-02-02,BNF,1.0,3,220.05,1.1510143280029297
2023-02-09,BNF,1.0,3,106.44999999999999,1.7671699523925781
2023-02-16,BNF,1.0,3,-6.59999999999998,1.1469166278839111
2023-02-23,BNF,1.0,3,-26.599999999999994,1.8301358222961426
2023-03-02,BNF,1.0,3,-82.55000000000001,1.7343969345092773
2023-03-09,BNF,1.0,3,-3.8999999999999773,1.8025388717651367
2023-03-16,BNF,1.0,3,11.100000000000051,0.8954813480377197
2023-03-23,BNF,1.0,3,74.25,1.1216635704040527
2023-03-29,BNF,1.0,3,-62.99999999999999,2.6614608764648438
2023-04-06,BNF,1.0,3,59.14999999999999,1.249823808670044
2023-04-13,BNF,1.0,3,-87.4,1.3578095436096191
2023-04-20,BNF,1.0,3,13.800000000000011,1.151860237121582
2023-04-27,BNF,1.0,3,35.99999999999998,1.6206448078155518
2023-05-04,BNF,1.0,3,-65.10000000000001,1.4465744495391846
2023-05-11,BNF,1.0,3,-22.000000000000004,1.5909111499786377
2023-05-18,BNF,1.0,3,-126.5,1.3047981262207031
2023-05-25,BNF,1.0,3,-20.250000000000007,2.4420855045318604
2023-06-01,BNF,1.0,3,126.24999999999997,1.937424898147583
2023-06-08,BNF,1.0,3,-31.000000000000014,1.6114327907562256
2023-06-15,BNF,1.0,3,-64.04999999999998,2.4411590099334717
2023-06-22,BNF,1.0,3,57.050000000000026,1.1649467945098877
2023-07-13,BNF,1.0,3,0,14.876036882400513
2022-09-01,BNF,0.5,4,101.75000000000001,1.4984099864959717
2022-09-08,BNF,0.5,4,74.3,0.9184868335723877
2022-09-15,BNF,0.5,4,45.05000000000001,1.064145565032959
2022-09-22,BNF,0.5,4,74.85000000000002,1.1766901016235352
2022-09-29,BNF,0.5,4,212.85,1.5435123443603516
2022-10-06,BNF,0.5,4,203.64999999999998,1.4002864360809326
2022-10-13,BNF,0.5,4,223.45000000000002,1.5516881942749023
2022-10-20,BNF,0.5,4,-26.900000000000006,1.1548314094543457
2022-10-27,BNF,0.5,4,25.35000000000001,1.1109778881072998
2022-11-03,BNF,0.5,4,37.90000000000002,1.5028350353240967
2022-11-10,BNF,0.5,4,50.749999999999986,1.2072880268096924
2022-11-17,BNF,0.5,4,96.2,1.0509774684906006
2022-11-24,BNF,0.5,4,51.20000000000001,1.6609156131744385
2022-12-01,BNF,0.5,4,26.15000000000003,1.2080082893371582
2022-12-08,BNF,0.5,4,167.55,1.758317232131958
2022-12-15,BNF,0.5,4,102.2,1.3811795711517334
2022-12-22,BNF,0.5,4,141.25,1.2683708667755127
2022-12-29,BNF,0.5,4,57.650000000000006,2.8820738792419434
2023-01-05,BNF,0.5,4,66.99999999999999,1.5044629573822021
2023-01-12,BNF,0.5,4,19.949999999999992,1.4771146774291992
2023-01-19,BNF,0.5,4,-18.94999999999999,1.6006121635437012
2023-01-25,BNF,0.5,4,88.30000000000001,2.820833206176758
2023-02-02,BNF,0.5,4,254.55000000000004,1.0884816646575928
2023-02-09,BNF,0.5,4,78.4,1.5430173873901367
2023-02-16,BNF,0.5,4,52.000000000000014,1.1106109619140625
2023-02-23,BNF,0.5,4,-5.949999999999974,2.2732834815979004
2023-03-02,BNF,0.5,4,50.4,2.006584405899048
2023-03-09,BNF,0.5,4,91.05,1.6499073505401611
2023-03-16,BNF,0.5,4,-5.749999999999972,1.0555083751678467
2023-03-23,BNF,0.5,4,143.55,1.3203728199005127
2023-03-29,BNF,0.5,4,53.05,2.016507863998413
2023-04-06,BNF,0.5,4,123.25,1.1796908378601074
2023-04-13,BNF,0.5,4,51.2,1.207475185394287
2023-04-20,BNF,0.5,4,-39.7,0.924929141998291
2023-04-27,BNF,0.5,4,-23.250000000000004,1.864671230316162
2023-05-04,BNF,0.5,4,89.5,1.1777763366699219
2023-05-11,BNF,0.5,4,17.549999999999997,1.7012856006622314
2023-05-18,BNF,0.5,4,-26.349999999999994,1.568880558013916
2023-05-25,BNF,0.5,4,45.550000000000026,3.075496196746826
2023-06-01,BNF,0.5,4,71.74999999999997,2.3788254261016846
2023-06-08,BNF,0.5,4,34.250000000000014,1.365513801574707
2023-06-15,BNF,0.5,4,70.75000000000001,2.3154661655426025
2023-06-22,BNF,0.5,4,102.25000000000003,1.1988661289215088
2023-07-13,BNF,0.5,4,0,15.06777310371399
2022-09-01,BNF,0.55,4,67.34999999999998,1.557304859161377
2022-09-08,BNF,0.55,4,65.70000000000002,1.0509405136108398
2022-09-15,BNF,0.55,4,11.05000000000004,0.9724502563476562
2022-09-22,BNF,0.55,4,48.450000000000024,1.2115342617034912
2022-09-29,BNF,0.55,4,207.45,1.3973686695098877
2022-10-06,BNF,0.55,4,197.65,1.3794381618499756
2022-10-13,BNF,0.55,4,211.45,1.624781847000122
2022-10-20,BNF,0.55,4,-54.60000000000004,1.1946194171905518
2022-10-27,BNF,0.55,4,114.24999999999999,1.1462347507476807
2022-11-03,BNF,0.55,4,27.600000000000005,1.3653678894042969
2022-11-10,BNF,0.55,4,47.34999999999998,1.222836971282959
2022-11-17,BNF,0.55,4,91.5,1.0456147193908691
2022-11-24,BNF,0.55,4,40.550000000000004,2.014625072479248
2022-12-01,BNF,0.55,4,63.00000000000001,1.051558494567871
2022-12-08,BNF,0.55,4,160.35,2.1539556980133057
2022-12-15,BNF,0.55,4,108.5,1.7917966842651367
2022-12-22,BNF,0.55,4,106.94999999999999,1.2642321586608887
2022-12-29,BNF,0.55,4,55.650000000000006,2.96816349029541
2023-01-05,BNF,0.55,4,52.49999999999999,1.6738989353179932
2023-01-12,BNF,0.55,4,17.75,1.4337122440338135
2023-01-19,BNF,0.55,4,52.69999999999998,337.34520745277405
2023-01-25,BNF,0.55,4,-60.400000000000006,2.282820701599121
2023-02-02,BNF,0.55,4,203.3500000000001,0.806215763092041
2023-02-09,BNF,0.55,4,70.0,2.345672130584717
2023-02-16,BNF,0.55,4,46.1,1.1044895648956299
2023-02-23,BNF,0.55,4,-48.64999999999999,1.9837589263916016
2023-03-02,BNF,0.55,4,98.39999999999999,1.6267998218536377
2023-03-09,BNF,0.55,4,75.65,1.3990182876586914
2023-03-16,BNF,0.55,4,225.75000000000009,0.923067569732666
2023-03-23,BNF,0.55,4,136.65,1.2035560607910156
2023-03-29,BNF,0.55,4,38.150000000000006,2.1327109336853027
2023-04-06,BNF,0.55,4,51.599999999999994,1.0416333675384521
2023-04-13,BNF,0.55,4,35.600000000000016,1.019519329071045
2023-04-20,BNF,0.55,4,-8.599999999999994,0.9155597686767578
2023-04-27,BNF,0.55,4,-11.600000000000009,1.6685962677001953
2023-05-04,BNF,0.55,4,84.5,1.0792479515075684
2023-05-11,BNF,0.55,4,87.0,1.6555752754211426
2023-05-18,BNF,0.55,4,30.150000000000006,1.423387050628662
2023-05-25,BNF,0.55,4,65.94999999999999,2.401965379714966
2023-06-01,BNF,0.55,4,54.05,1.594832420349121
2023-06-08,BNF,0.55,4,1.6000000000000156,1.65220308303833
2023-06-15,BNF,0.55,4,65.65,2.7063581943511963
2023-06-22,BNF,0.55,4,97.75,1.5648205280303955
2023-07-13,BNF,0.55,4,0,14.215594291687012
2022-09-01,BNF,0.6,4,31.04999999999994,1.481759786605835
2022-09-08,BNF,0.6,4,57.000000000000014,0.8777239322662354
2022-09-15,BNF,0.6,4,-21.650000000000034,0.9970808029174805
2022-09-22,BNF,0.6,4,50.95,1.1263706684112549
2022-09-29,BNF,0.6,4,202.15,1.3961730003356934
2022-10-06,BNF,0.6,4,191.64999999999998,1.260746717453003
2022-10-13,BNF,0.6,4,199.45,1.522615671157837
2022-10-20,BNF,0.6,4,-80.40000000000002,1.0663213729858398
2022-10-27,BNF,0.6,4,108.14999999999999,1.000056505203247
2022-11-03,BNF,0.6,4,17.299999999999994,1.477262020111084
2022-11-10,BNF,0.6,4,41.15,1.1646907329559326
2022-11-17,BNF,0.6,4,102.89999999999999,1.2274844646453857
2022-11-24,BNF,0.6,4,32.35,1.5903022289276123
2022-12-01,BNF,0.6,4,59.300000000000004,1.045783519744873
2022-12-08,BNF,0.6,4,-38.900000000000006,1.706624984741211
2022-12-15,BNF,0.6,4,105.4,1.4958827495574951
2022-12-22,BNF,0.6,4,54.199999999999946,1.1728184223175049
2022-12-29,BNF,0.6,4,53.55000000000001,2.7840986251831055
2023-01-05,BNF,0.6,4,20.10000000000003,1.9481966495513916
2023-01-12,BNF,0.6,4,-26.149999999999952,1.4561405181884766
2023-01-19,BNF,0.6,4,41.19999999999999,1.279280185699463
2023-01-25,BNF,0.6,4,-65.9,2.7034590244293213
2023-02-02,BNF,0.6,4,135.0000000000001,1.128709077835083
2023-02-09,BNF,0.6,4,61.500000000000014,1.3001415729522705
2023-02-16,BNF,0.6,4,40.20000000000002,0.938321590423584
2023-02-23,BNF,0.6,4,1.5000000000000426,3.0561349391937256
2023-03-02,BNF,0.6,4,93.3,1.596735954284668
2023-03-09,BNF,0.6,4,60.450000000000024,1.50758695602417
2023-03-16,BNF,0.6,4,196.70000000000002,0.98482346534729
2023-03-23,BNF,0.6,4,129.75,1.2218854427337646
2023-03-29,BNF,0.6,4,50.8,2.40454363822937
2023-04-06,BNF,0.6,4,51.35000000000002,0.8325345516204834
2023-04-13,BNF,0.6,4,37.1,1.4424707889556885
2023-04-20,BNF,0.6,4,-22.799999999999997,1.0095133781433105
2023-04-27,BNF,0.6,4,1.4499999999999957,1.820633888244629
2023-05-04,BNF,0.6,4,79.6,1.1971044540405273
2023-05-11,BNF,0.6,4,75.29999999999997,1.7313954830169678
2023-05-18,BNF,0.6,4,17.299999999999983,1.3643710613250732
2023-05-25,BNF,0.6,4,10.600000000000009,2.319519519805908
2023-06-01,BNF,0.6,4,47.94999999999999,1.6643927097320557
2023-06-08,BNF,0.6,4,-11.099999999999998,1.4112622737884521
2023-06-15,BNF,0.6,4,60.65000000000001,2.620020866394043
2023-06-22,BNF,0.6,4,93.25000000000001,1.3009545803070068
2023-07-13,BNF,0.6,4,0,14.502680540084839
2022-09-01,BNF,0.65,4,-44.250000000000014,1.4679081439971924
2022-09-08,BNF,0.65,4,48.40000000000001,0.9532914161682129
2022-09-15,BNF,0.65,4,-53.65000000000005,1.0114881992340088
2022-09-22,BNF,0.65,4,25.150000000000023,1.1563572883605957
2022-09-29,BNF,0.65,4,199.75,1.367508888244629
2022-10-06,BNF,0.65,4,185.74999999999994,1.319000482559204
2022-10-13,BNF,0.65,4,187.14999999999995,1.4155611991882324
2022-10-20,BNF,0.65,4,50.84999999999998,1.4112396240234375
2022-10-27,BNF,0.65,4,102.05,1.0113732814788818
2022-11-03,BNF,0.65,4,6.999999999999983,1.4426965713500977
2022-11-10,BNF,0.65,4,34.949999999999996,1.140721082687378
2022-11-17,BNF,0.65,4,98.69999999999999,1.3218960762023926
2022-11-24,BNF,0.65,4,20.6,1.367126703262329
2022-12-01,BNF,0.65,4,55.5,1.0864577293395996
2022-12-08,BNF,0.65,4,-43.0,1.66743803024292
2022-12-15,BNF,0.65,4,102.2,1.5428745746612549
2022-12-22,BNF,0.65,4,28.64999999999997,1.06113600730896
2022-12-29,BNF,0.65,4,51.55000000000001,2.9042420387268066
2023-01-05,BNF,0.65,4,12.499999999999982,1.5949628353118896
2023-01-12,BNF,0.65,4,-54.94999999999997,1.4838688373565674
2023-01-19,BNF,0.65,4,69.10000000000001,1.5644550323486328
2023-01-25,BNF,0.65,4,-71.4,2.7902114391326904
2023-02-02,BNF,0.65,4,168.65000000000003,0.8494653701782227
2023-02-09,BNF,0.65,4,53.000000000000014,1.2568025588989258
2023-02-16,BNF,0.65,4,34.400000000000006,1.1549437046051025
2023-02-23,BNF,0.65,4,-30.699999999999953,3.0944788455963135
2023-03-02,BNF,0.65,4,88.2,1.6595449447631836
2023-03-09,BNF,0.65,4,56.49999999999998,1.5324656963348389
2023-03-16,BNF,0.65,4,165.50000000000006,1.0110673904418945
2023-03-23,BNF,0.65,4,122.75000000000001,1.066720724105835
2023-03-29,BNF,0.65,4,37.199999999999974,2.486907720565796
2023-04-06,BNF,0.65,4,38.65000000000002,0.9249756336212158
2023-04-13,BNF,0.65,4,31.35000000000001,1.3032970428466797
2023-04-20,BNF,0.65,4,12.899999999999999,1.1683480739593506
2023-04-27,BNF,0.65,4,-25.50000000000003,1.3433268070220947
2023-05-04,BNF,0.65,4,74.6,1.1396832466125488
2023-05-11,BNF,0.65,4,63.59999999999997,1.6927883625030518
2023-05-18,BNF,0.65,4,2.6500000000000057,1.2397148609161377
2023-05-25,BNF,0.65,4,-2.70000000000001,2.4187419414520264
2023-06-01,BNF,0.65,4,41.95000000000002,1.7569637298583984
2023-06-08,BNF,0.65,4,-23.899999999999988,1.3510572910308838
2023-06-15,BNF,0.65,4,-29.25,2.5374629497528076
2023-06-22,BNF,0.65,4,88.65000000000002,1.3113408088684082
2023-07-13,BNF,0.65,4,0,14.784009218215942
2022-09-01,BNF,0.7,4,8.199999999999974,1.3943476676940918
2022-09-08,BNF,0.7,4,39.800000000000004,0.9837884902954102
2022-09-15,BNF,0.7,4,36.250000000000014,0.9827563762664795
2022-09-22,BNF,0.7,4,-3.649999999999956,1.1524953842163086
2022-09-29,BNF,0.7,4,194.55,1.4670648574829102
2022-10-06,BNF,0.7,4,179.74999999999997,1.2889955043792725
2022-10-13,BNF,0.7,4,175.14999999999998,1.6005887985229492
2022-10-20,BNF,0.7,4,31.699999999999996,1.2345750331878662
2022-10-27,BNF,0.7,4,95.95,1.1415133476257324
2022-11-03,BNF,0.7,4,-3.399999999999994,1.4218978881835938
2022-11-10,BNF,0.7,4,28.74999999999999,1.222416877746582
2022-11-17,BNF,0.7,4,94.4,1.246992588043213
2022-11-24,BNF,0.7,4,16.099999999999998,1.2824852466583252
2022-12-01,BNF,0.7,4,51.80000000000001,1.11002779006958
2022-12-08,BNF,0.7,4,-47.099999999999994,1.7588253021240234
2022-12-15,BNF,0.7,4,99.2,1.414398431777954
2022-12-22,BNF,0.7,4,38.19999999999997,0.9073383808135986
2022-12-29,BNF,0.7,4,49.55000000000001,2.846480369567871
2023-01-05,BNF,0.7,4,98.55000000000003,1.3689146041870117
2023-01-12,BNF,0.7,4,115.30000000000001,1.2259039878845215
2023-01-19,BNF,0.7,4,105.9,1.7226407527923584
2023-01-25,BNF,0.7,4,-76.9,2.872380495071411
2023-02-02,BNF,0.7,4,252.04999999999993,1.1655256748199463
2023-02-09,BNF,0.7,4,44.50000000000001,1.2838191986083984
2023-02-16,BNF,0.7,4,28.50000000000002,1.054194450378418
2023-02-23,BNF,0.7,4,-73.9,2.9741122722625732
2023-03-02,BNF,0.7,4,-51.849999999999994,1.7717981338500977
2023-03-09,BNF,0.7,4,41.4,1.4558725357055664
2023-03-16,BNF,0.7,4,159.10000000000005,0.9623878002166748
2023-03-23,BNF,0.7,4,115.85,1.2229716777801514
2023-03-29,BNF,0.7,4,23.49999999999999,2.3436636924743652
2023-04-06,BNF,0.7,4,122.15000000000002,0.9782657623291016
2023-04-13,BNF,0.7,4,4.7500000000000195,1.3961131572723389
2023-04-20,BNF,0.7,4,-0.6999999999999815,1.1356308460235596
2023-04-27,BNF,0.7,4,-33.10000000000001,1.3050994873046875
2023-05-04,BNF,0.7,4,-38.2,1.3479156494140625
2023-05-11,BNF,0.7,4,51.79999999999997,1.5289032459259033
2023-05-18,BNF,0.7,4,-15.099999999999994,1.3194332122802734
2023-05-25,BNF,0.7,4,-15.09999999999997,2.0790255069732666
2023-06-01,BNF,0.7,4,35.849999999999994,1.5264053344726562
2023-06-08,BNF,0.7,4,-36.59999999999999,1.4106392860412598
2023-06-15,BNF,0.7,4,-34.25,2.4431684017181396
2023-06-22,BNF,0.7,4,84.15,1.0221335887908936
2023-07-13,BNF,0.7,4,0,15.566977977752686
2022-09-01,BNF,0.75,4,78.10000000000001,1.793720006942749
2022-09-08,BNF,0.75,4,31.10000000000001,1.0366997718811035
2022-09-15,BNF,0.75,4,16.549999999999983,0.9770364761352539
2022-09-22,BNF,0.75,4,220.2,1.3814527988433838
2022-09-29,BNF,0.75,4,189.35,1.4571449756622314
2022-10-06,BNF,0.75,4,173.75,1.4510023593902588
2022-10-13,BNF,0.75,4,163.05,1.5106911659240723
2022-10-20,BNF,0.75,4,58.94999999999999,1.5159258842468262
2022-10-27,BNF,0.75,4,89.85000000000001,1.303640604019165
2022-11-03,BNF,0.75,4,-154.65,1.5241053104400635
2022-11-10,BNF,0.75,4,22.549999999999983,1.2256414890289307
2022-11-17,BNF,0.75,4,90.29999999999998,1.2318034172058105
2022-11-24,BNF,0.75,4,11.800000000000004,1.5418624877929688
2022-12-01,BNF,0.75,4,82.60000000000001,1.0452377796173096
2022-12-08,BNF,0.75,4,-51.20000000000002,1.5814311504364014
2022-12-15,BNF,0.75,4,96.1,1.5540940761566162
2022-12-22,BNF,0.75,4,29.99999999999999,1.006181001663208
2022-12-29,BNF,0.75,4,47.55000000000001,2.6372759342193604
2023-01-05,BNF,0.75,4,92.05000000000001,1.6523311138153076
2023-01-12,BNF,0.75,4,151.0,1.2002875804901123
2023-01-19,BNF,0.75,4,43.95,1.5768113136291504
2023-01-25,BNF,0.75,4,-82.4,3.0698676109313965
2023-02-02,BNF,0.75,4,214.84999999999997,1.097907304763794
2023-02-09,BNF,0.75,4,36.00000000000003,1.2769055366516113
2023-02-16,BNF,0.75,4,22.700000000000003,1.0104355812072754
2023-02-23,BNF,0.75,4,-156.54999999999995,3.131258487701416
2023-03-02,BNF,0.75,4,-56.95000000000002,1.57818603515625
2023-03-09,BNF,0.75,4,26.600000000000012,1.6348204612731934
2023-03-16,BNF,0.75,4,128.2,0.9603638648986816
2023-03-23,BNF,0.75,4,108.95,1.236330270767212
2023-03-29,BNF,0.75,4,9.89999999999997,2.257539987564087
2023-04-06,BNF,0.75,4,112.35000000000001,1.1068670749664307
2023-04-13,BNF,0.75,4,-10.49999999999998,1.3642921447753906
2023-04-20,BNF,0.75,4,-14.899999999999991,1.1467502117156982
2023-04-27,BNF,0.75,4,-40.7,1.2949767112731934
2023-05-04,BNF,0.75,4,-42.7,1.3370296955108643
2023-05-11,BNF,0.75,4,38.199999999999974,1.594294548034668
2023-05-18,BNF,0.75,4,-27.700000000000003,1.3368570804595947
2023-05-25,BNF,0.75,4,-27.4,2.2137339115142822
2023-06-01,BNF,0.75,4,29.75,1.544945478439331
2023-06-08,BNF,0.75,4,-14.199999999999989,1.445399284362793
2023-06-15,BNF,0.75,4,-39.25,2.2983291149139404
2023-06-22,BNF,0.75,4,79.65,1.194981575012207
2023-07-13,BNF,0.75,4,0,15.364367485046387
2022-09-01,BNF,0.8,4,56.80000000000002,1.8745267391204834
2022-09-08,BNF,0.8,4,-84.80000000000001,1.723609209060669
2022-09-15,BNF,0.8,4,-1.5499999999999972,0.924903392791748
2022-09-22,BNF,0.8,4,212.0,1.4333155155181885
2022-09-29,BNF,0.8,4,184.14999999999998,1.687293529510498
2022-10-06,BNF,0.8,4,167.74999999999997,1.476142406463623
2022-10-13,BNF,0.8,4,150.95,1.657475233078003
2022-10-20,BNF,0.8,4,48.949999999999996,1.7141785621643066
2022-10-27,BNF,0.8,4,83.75000000000001,1.1417510509490967
2022-11-03,BNF,0.8,4,-164.95000000000002,1.3769810199737549
2022-11-10,BNF,0.8,4,16.349999999999977,1.1402595043182373
2022-11-17,BNF,0.8,4,86.0,1.4772090911865234
2022-11-24,BNF,0.8,4,7.399999999999999,1.4745519161224365
2022-12-01,BNF,0.8,4,79.80000000000001,1.2328195571899414
2022-12-08,BNF,0.8,4,-55.400000000000006,1.7085182666778564
2022-12-15,BNF,0.8,4,92.89999999999999,1.4613001346588135
2022-12-22,BNF,0.8,4,21.899999999999977,0.934190034866333
2022-12-29,BNF,0.8,4,45.55000000000001,2.8952014446258545
2023-01-05,BNF,0.8,4,85.45000000000002,1.5490055084228516
2023-01-12,BNF,0.8,4,138.6,1.259002685546875
2023-01-19,BNF,0.8,4,41.55000000000001,1.7201311588287354
2023-01-25,BNF,0.8,4,-87.9,2.945171356201172
2023-02-02,BNF,0.8,4,170.80000000000007,1.0700459480285645
2023-02-09,BNF,0.8,4,27.499999999999993,1.310276746749878
2023-02-16,BNF,0.8,4,16.80000000000002,1.1352641582489014
2023-02-23,BNF,0.8,4,28.150000000000027,2.101318120956421
2023-03-02,BNF,0.8,4,-62.150000000000006,1.7356603145599365
2023-03-09,BNF,0.8,4,-55.75000000000001,1.939405918121338
2023-03-16,BNF,0.8,4,97.29999999999998,0.9477434158325195
2023-03-23,BNF,0.8,4,101.95000000000002,1.0491058826446533
2023-03-29,BNF,0.8,4,-0.30000000000000426,2.647639274597168
2023-04-06,BNF,0.8,4,92.05000000000003,1.0247094631195068
2023-04-13,BNF,0.8,4,45.24999999999999,1.282411813735962
2023-04-20,BNF,0.8,4,-27.80000000000001,1.1227447986602783
2023-04-27,BNF,0.8,4,-48.40000000000002,1.4064841270446777
2023-05-04,BNF,0.8,4,-47.2,1.3753185272216797
2023-05-11,BNF,0.8,4,27.04999999999999,1.6113955974578857
2023-05-18,BNF,0.8,4,-40.999999999999986,1.3518643379211426
2023-05-25,BNF,0.8,4,-39.699999999999996,2.2901604175567627
2023-06-01,BNF,0.8,4,23.64999999999999,1.4438378810882568
2023-06-08,BNF,0.8,4,-23.099999999999966,1.6655986309051514
2023-06-15,BNF,0.8,4,-44.150000000000006,2.351505756378174
2023-06-22,BNF,0.8,4,75.14999999999999,1.1569316387176514
2023-07-13,BNF,0.8,4,0,14.751482009887695
2022-09-01,BNF,0.85,4,37.69999999999998,1.78132963180542
2022-09-08,BNF,0.85,4,-91.79999999999998,1.6061701774597168
2022-09-15,BNF,0.85,4,88.50000000000001,1.0117168426513672
2022-09-22,BNF,0.85,4,203.8,1.3992724418640137
2022-09-29,BNF,0.85,4,178.85000000000002,1.695561170578003
2022-10-06,BNF,0.85,4,161.75,1.575620412826538
2022-10-13,BNF,0.85,4,134.34999999999997,1.6126728057861328
2022-10-20,BNF,0.85,4,20.700000000000003,1.756667137145996
2022-10-27,BNF,0.85,4,77.64999999999999,1.3304252624511719
2022-11-03,BNF,0.85,4,-175.24999999999997,1.4365332126617432
2022-11-10,BNF,0.85,4,10.05,1.3446385860443115
2022-11-17,BNF,0.85,4,83.4,1.4665868282318115
2022-11-24,BNF,0.85,4,3.000000000000007,1.4429211616516113
2022-12-01,BNF,0.85,4,77.10000000000002,1.2840967178344727
2022-12-08,BNF,0.85,4,-59.5,1.7995679378509521
2022-12-15,BNF,0.85,4,89.8,1.6060583591461182
2022-12-22,BNF,0.85,4,13.7,0.9412884712219238
2022-12-29,BNF,0.85,4,43.55000000000001,2.9532723426818848
2023-01-05,BNF,0.85,4,78.85000000000001,1.4990596771240234
2023-01-12,BNF,0.85,4,126.19999999999999,1.3417551517486572
2023-01-19,BNF,0.85,4,39.150000000000006,1.7534925937652588
2023-01-25,BNF,0.85,4,-93.4,2.916046142578125
2023-02-02,BNF,0.85,4,123.10000000000007,1.1543726921081543
2023-02-09,BNF,0.85,4,19.100000000000016,1.3765172958374023
2023-02-16,BNF,0.85,4,11.0,1.0138065814971924
2023-02-23,BNF,0.85,4,7.249999999999986,2.334962844848633
2023-03-02,BNF,0.85,4,-67.25,1.7795586585998535
2023-03-09,BNF,0.85,4,-51.0,1.5725362300872803
2023-03-16,BNF,0.85,4,66.60000000000001,0.9992139339447021
2023-03-23,BNF,0.85,4,95.05,1.2071936130523682
2023-03-29,BNF,0.85,4,-13.599999999999984,2.4658942222595215
2023-04-06,BNF,0.85,4,84.15000000000002,1.1266114711761475
2023-04-13,BNF,0.85,4,-57.45,1.2838664054870605
2023-04-20,BNF,0.85,4,-40.60000000000001,1.117896318435669
2023-04-27,BNF,0.85,4,50.39999999999999,1.7347042560577393
2023-05-04,BNF,0.85,4,-51.7,1.4467225074768066
2023-05-11,BNF,0.85,4,7.849999999999966,1.5356063842773438
2023-05-18,BNF,0.85,4,-48.999999999999986,1.5058872699737549
2023-05-25,BNF,0.85,4,-59.199999999999974,2.651460647583008
2023-06-01,BNF,0.85,4,17.650000000000006,1.4390156269073486
2023-06-08,BNF,0.85,4,-34.79999999999998,1.5666780471801758
2023-06-15,BNF,0.85,4,-49.150000000000006,2.4357120990753174
2023-06-22,BNF,0.85,4,70.55,1.2160944938659668
2023-07-13,BNF,0.85,4,0,15.103909015655518
2022-09-01,BNF,0.9,4,18.399999999999974,1.788973331451416
2022-09-08,BNF,0.9,4,-98.70000000000002,1.4257545471191406
2022-09-15,BNF,0.9,4,100.65000000000002,0.7810757160186768
2022-09-22,BNF,0.9,4,195.70000000000005,1.4414198398590088
2022-09-29,BNF,0.9,4,173.75,1.4888217449188232
2022-10-06,BNF,0.9,4,155.84999999999997,1.5428621768951416
2022-10-13,BNF,0.9,4,122.25000000000003,1.6582224369049072
2022-10-20,BNF,0.9,4,10.79999999999999,1.7493207454681396
2022-10-27,BNF,0.9,4,71.54999999999998,1.4283502101898193
2022-11-03,BNF,0.9,4,-185.54999999999998,1.4565575122833252
2022-11-10,BNF,0.9,4,3.8499999999999943,1.2768006324768066
2022-11-17,BNF,0.9,4,79.19999999999999,1.5401911735534668
2022-11-24,BNF,0.9,4,-1.29999999999999,1.5152990818023682
2022-12-01,BNF,0.9,4,74.4,1.3417348861694336
2022-12-08,BNF,0.9,4,-63.599999999999994,1.9901325702667236
2022-12-15,BNF,0.9,4,86.7,1.6764934062957764
2022-12-22,BNF,0.9,4,5.699999999999989,1.051478624343872
2022-12-29,BNF,0.9,4,41.45,2.9689016342163086
2023-01-05,BNF,0.9,4,72.25000000000001,1.6668903827667236
2023-01-12,BNF,0.9,4,113.7,1.4490196704864502
2023-01-19,BNF,0.9,4,36.85000000000001,1.6664836406707764
2023-01-25,BNF,0.9,4,-98.9,2.912714958190918
2023-02-02,BNF,0.9,4,85.9,1.1376073360443115
2023-02-09,BNF,0.9,4,241.29999999999998,1.8391871452331543
2023-02-16,BNF,0.9,4,5.100000000000023,1.141479730606079
2023-02-23,BNF,0.9,4,4.500000000000043,1.8032588958740234
2023-03-02,BNF,0.9,4,-72.35,1.7750561237335205
2023-03-09,BNF,0.9,4,10.899999999999991,1.8097350597381592
2023-03-16,BNF,0.9,4,29.80000000000001,1.0048933029174805
2023-03-23,BNF,0.9,4,88.05000000000001,1.2512743473052979
2023-03-29,BNF,0.9,4,-27.00000000000003,2.6174685955047607
2023-04-06,BNF,0.9,4,79.45,1.1760783195495605
2023-04-13,BNF,0.9,4,-67.0,1.3643953800201416
2023-04-20,BNF,0.9,4,-54.24999999999997,1.2293994426727295
2023-04-27,BNF,0.9,4,45.499999999999986,1.6043972969055176
2023-05-04,BNF,0.9,4,-56.10000000000001,1.4373562335968018
2023-05-11,BNF,0.9,4,1.3999999999999986,1.6663224697113037
2023-05-18,BNF,0.9,4,-61.39999999999999,1.4402062892913818
2023-05-25,BNF,0.9,4,-7.2500000000000036,2.236217498779297
2023-06-01,BNF,0.9,4,11.649999999999991,1.6182971000671387
2023-06-08,BNF,0.9,4,-46.499999999999986,1.599031686782837
2023-06-15,BNF,0.9,4,-54.150000000000006,2.478213310241699
2023-06-22,BNF,0.9,4,66.05000000000001,1.3051989078521729
2023-07-13,BNF,0.9,4,0,15.089111566543579
2022-09-01,BNF,0.95,4,32.350000000000016,1.655693531036377
2022-09-08,BNF,0.95,4,-105.70000000000002,1.5129938125610352
2022-09-15,BNF,0.95,4,94.05000000000001,0.8584127426147461
2022-09-22,BNF,0.95,4,187.40000000000003,1.4620990753173828
2022-09-29,BNF,0.95,4,168.54999999999998,1.5105297565460205
2022-10-06,BNF,0.95,4,149.84999999999997,1.5160741806030273
2022-10-13,BNF,0.95,4,110.04999999999998,1.4999794960021973
2022-10-20,BNF,0.95,4,19.849999999999973,1.05401611328125
2022-10-27,BNF,0.95,4,65.44999999999999,1.2409744262695312
2022-11-03,BNF,0.95,4,-195.85,1.4726223945617676
2022-11-10,BNF,0.95,4,-2.350000000000012,1.1980783939361572
2022-11-17,BNF,0.95,4,74.99999999999999,1.5352914333343506
2022-11-24,BNF,0.95,4,-5.800000000000004,1.4932177066802979
2022-12-01,BNF,0.95,4,71.60000000000001,1.292539119720459
2022-12-08,BNF,0.95,4,-67.70000000000002,1.8804559707641602
2022-12-15,BNF,0.95,4,-6.599999999999994,2.0621488094329834
2022-12-22,BNF,0.95,4,-2.500000000000046,1.0097100734710693
2022-12-29,BNF,0.95,4,39.45,3.2556638717651367
2023-01-05,BNF,0.95,4,65.75000000000003,1.6882851123809814
2023-01-12,BNF,0.95,4,101.4,1.424262285232544
2023-01-19,BNF,0.95,4,34.45,1.9641923904418945
2023-01-25,BNF,0.95,4,-104.4,3.036048412322998
2023-02-02,BNF,0.95,4,238.95000000000002,1.0587437152862549
2023-02-09,BNF,0.95,4,238.8,1.9741768836975098
2023-02-16,BNF,0.95,4,-0.6999999999999957,1.123176097869873
2023-02-23,BNF,0.95,4,-11.099999999999994,1.8326144218444824
2023-03-02,BNF,0.95,4,-77.45000000000002,3.542844533920288
2023-03-09,BNF,0.95,4,3.5,7.304547071456909
2023-03-16,BNF,0.95,4,-1.1000000000000085,2.0246286392211914
2023-03-23,BNF,0.95,4,81.24999999999999,2.793231725692749
2023-03-29,BNF,0.95,4,-40.30000000000001,6.113341569900513
2023-04-06,BNF,0.95,4,69.75,3.5205960273742676
2023-04-13,BNF,0.95,4,-77.49999999999999,4.20228910446167
2023-04-20,BNF,0.95,4,-67.05000000000003,3.433558940887451
2023-04-27,BNF,0.95,4,40.8,4.550851583480835
2023-05-04,BNF,0.95,4,-60.60000000000001,3.8200788497924805
2023-05-11,BNF,0.95,4,-10.200000000000014,4.252731084823608
2023-05-18,BNF,0.95,4,-73.89999999999999,3.556868314743042
2023-05-25,BNF,0.95,4,-13.749999999999991,6.04466700553894
2023-06-01,BNF,0.95,4,129.15,6.8067991733551025
2023-06-08,BNF,0.95,4,-20.299999999999997,6.643420219421387
2023-06-15,BNF,0.95,4,-59.04999999999998,8.884459018707275
2023-06-22,BNF,0.95,4,61.650000000000006,4.942918062210083
2023-07-13,BNF,0.95,4,0,57.14306402206421
2022-09-01,BNF,1.0,4,13.75,8.353288888931274
2022-09-08,BNF,1.0,4,-112.6,6.795904636383057
2022-09-15,BNF,1.0,4,87.35000000000001,3.011219024658203
2022-09-22,BNF,1.0,4,179.3,4.977896690368652
2022-09-29,BNF,1.0,4,173.35,6.794755220413208
2022-10-06,BNF,1.0,4,143.85,7.828234434127808
2022-10-13,BNF,1.0,4,98.05,5.5576276779174805
2022-10-20,BNF,1.0,4,12.749999999999972,4.8010125160217285
2022-10-27,BNF,1.0,4,117.55,7.121183156967163
2022-11-03,BNF,1.0,4,-206.15,4.7380757331848145
2022-11-10,BNF,1.0,4,-8.550000000000017,4.620348691940308
2022-11-17,BNF,1.0,4,70.8,4.491621732711792
2022-11-24,BNF,1.0,4,-72.75,6.337754249572754
2022-12-01,BNF,1.0,4,68.9,4.128124952316284
2022-12-08,BNF,1.0,4,-71.80000000000001,6.233721494674683
2022-12-15,BNF,1.0,4,-9.200000000000003,5.651472568511963
2022-12-22,BNF,1.0,4,-10.6,2.8743884563446045
2022-12-29,BNF,1.0,4,45.75,9.045133590698242
2023-01-05,BNF,1.0,4,59.150000000000034,4.9185826778411865
2023-01-12,BNF,1.0,4,89.0,4.08358359336853
2023-01-19,BNF,1.0,4,32.05000000000001,4.986211538314819
2023-01-25,BNF,1.0,4,-109.9,8.867212772369385
2023-02-02,BNF,1.0,4,220.05,3.1723835468292236
2023-02-09,BNF,1.0,4,106.44999999999999,5.7241339683532715
2023-02-16,BNF,1.0,4,-6.59999999999998,3.3450984954833984
2023-02-23,BNF,1.0,4,-26.599999999999994,4.92830491065979
2023-03-02,BNF,1.0,4,-82.55000000000001,5.094186782836914
2023-03-09,BNF,1.0,4,-3.8999999999999773,5.245549917221069
2023-03-16,BNF,1.0,4,11.100000000000051,2.332658529281616
2023-03-23,BNF,1.0,4,74.25,3.6140167713165283
2023-03-29,BNF,1.0,4,-62.99999999999999,7.176588296890259
2023-04-06,BNF,1.0,4,59.14999999999999,3.7456183433532715
2023-04-13,BNF,1.0,4,-87.4,3.8239450454711914
2023-04-20,BNF,1.0,4,13.800000000000011,3.56131911277771
2023-04-27,BNF,1.0,4,35.99999999999998,4.729832410812378
2023-05-04,BNF,1.0,4,-65.10000000000001,3.832437038421631
2023-05-11,BNF,1.0,4,-22.000000000000004,4.6609132289886475
2023-05-18,BNF,1.0,4,-126.5,3.5531980991363525
2023-05-25,BNF,1.0,4,-20.250000000000007,6.182991027832031
2023-06-01,BNF,1.0,4,126.24999999999997,5.436159610748291
2023-06-08,BNF,1.0,4,-31.000000000000014,4.517740488052368
2023-06-15,BNF,1.0,4,-64.04999999999998,6.791029453277588
2023-06-22,BNF,1.0,4,57.050000000000026,3.3747026920318604
2023-07-13,BNF,1.0,4,0,39.30150771141052
2022-09-01,BNF,0.5,5,101.75000000000001,4.416600227355957
2022-09-08,BNF,0.5,5,74.3,2.950223922729492
2022-09-15,BNF,0.5,5,45.05000000000001,3.0416595935821533
2022-09-22,BNF,0.5,5,74.85000000000002,3.329965114593506
2022-09-29,BNF,0.5,5,212.85,4.147566318511963
2022-10-06,BNF,0.5,5,203.64999999999998,4.121292591094971
2022-10-13,BNF,0.5,5,223.45000000000002,4.716248512268066
2022-10-20,BNF,0.5,5,-26.900000000000006,2.9515328407287598
2022-10-27,BNF,0.5,5,25.35000000000001,3.4415056705474854
2022-11-03,BNF,0.5,5,37.90000000000002,4.250302076339722
2022-11-10,BNF,0.5,5,50.749999999999986,3.1008975505828857
2022-11-17,BNF,0.5,5,96.2,3.176389694213867
2022-11-24,BNF,0.5,5,51.20000000000001,4.594484806060791
2022-12-01,BNF,0.5,5,26.15000000000003,3.397653818130493
2022-12-08,BNF,0.5,5,167.55,4.857991695404053
2022-12-15,BNF,0.5,5,102.2,3.7556567192077637
2022-12-22,BNF,0.5,5,141.25,3.4769256114959717
2022-12-29,BNF,0.5,5,57.650000000000006,8.312923669815063
2023-01-05,BNF,0.5,5,66.99999999999999,4.1828553676605225
2023-01-12,BNF,0.5,5,19.949999999999992,3.983828067779541
2023-01-19,BNF,0.5,5,-18.94999999999999,4.009379148483276
2023-01-25,BNF,0.5,5,88.30000000000001,7.451581239700317
2023-02-02,BNF,0.5,5,254.55000000000004,2.8801002502441406
2023-02-09,BNF,0.5,5,78.4,4.155853033065796
2023-02-16,BNF,0.5,5,52.000000000000014,2.9994328022003174
2023-02-23,BNF,0.5,5,-5.949999999999974,6.360734462738037
2023-03-02,BNF,0.5,5,50.4,5.3508007526397705
2023-03-09,BNF,0.5,5,91.05,4.266117811203003
2023-03-16,BNF,0.5,5,-5.749999999999972,2.8935065269470215
2023-03-23,BNF,0.5,5,143.55,3.3681814670562744
2023-03-29,BNF,0.5,5,53.05,5.704442977905273
2023-04-06,BNF,0.5,5,123.25,3.1776130199432373
2023-04-13,BNF,0.5,5,51.2,3.127747058868408
2023-04-20,BNF,0.5,5,-39.7,2.8375132083892822
2023-04-27,BNF,0.5,5,-23.250000000000004,5.281373977661133
2023-05-04,BNF,0.5,5,89.5,3.365629196166992
2023-05-11,BNF,0.5,5,17.549999999999997,3.6376004219055176
2023-05-18,BNF,0.5,5,-26.349999999999994,3.844264507293701
2023-05-25,BNF,0.5,5,45.550000000000026,7.777104139328003
2023-06-01,BNF,0.5,5,71.74999999999997,5.5647852420806885
2023-06-08,BNF,0.5,5,34.250000000000014,3.5967981815338135
2023-06-15,BNF,0.5,5,70.75000000000001,7.050912618637085
2023-06-22,BNF,0.5,5,102.25000000000003,3.637814998626709
2023-07-13,BNF,0.5,5,0,40.7583703994751
2022-09-01,BNF,0.55,5,67.34999999999998,4.250753879547119
2022-09-08,BNF,0.55,5,65.70000000000002,2.6517393589019775
2022-09-15,BNF,0.55,5,11.05000000000004,2.6742103099823
2022-09-22,BNF,0.55,5,48.450000000000024,3.2435054779052734
2022-09-29,BNF,0.55,5,207.45,3.8818633556365967
2022-10-06,BNF,0.55,5,197.65,4.095841646194458
2022-10-13,BNF,0.55,5,211.45,4.464952230453491
2022-10-20,BNF,0.55,5,-54.60000000000004,3.337697982788086
2022-10-27,BNF,0.55,5,114.24999999999999,3.175554037094116
2022-11-03,BNF,0.55,5,27.600000000000005,4.116145133972168
2022-11-10,BNF,0.55,5,47.34999999999998,3.6559524536132812
2022-11-17,BNF,0.55,5,91.5,3.0121958255767822
2022-11-24,BNF,0.55,5,40.550000000000004,5.11309814453125
2022-12-01,BNF,0.55,5,63.00000000000001,3.140876293182373
2022-12-08,BNF,0.55,5,160.35,4.8160400390625
2022-12-15,BNF,0.55,5,108.5,4.092925786972046
2022-12-22,BNF,0.55,5,106.94999999999999,3.540968894958496
2022-12-29,BNF,0.55,5,55.650000000000006,8.50736665725708
2023-01-05,BNF,0.55,5,52.49999999999999,5.30041241645813
2023-01-12,BNF,0.55,5,17.75,4.255301237106323
2023-01-19,BNF,0.55,5,52.69999999999998,4.8366570472717285
2023-01-25,BNF,0.55,5,-60.400000000000006,8.546292781829834
2023-02-02,BNF,0.55,5,203.3500000000001,3.049928665161133
2023-02-09,BNF,0.55,5,70.0,4.076915264129639
2023-02-16,BNF,0.55,5,46.1,2.8284080028533936
2023-02-23,BNF,0.55,5,-48.64999999999999,6.4079062938690186
2023-03-02,BNF,0.55,5,98.39999999999999,4.967119932174683
2023-03-09,BNF,0.55,5,75.65,4.467697858810425
2023-03-16,BNF,0.55,5,225.75000000000009,2.675699234008789
2023-03-23,BNF,0.55,5,136.65,3.3578782081604004
2023-03-29,BNF,0.55,5,38.150000000000006,5.811141490936279
2023-04-06,BNF,0.55,5,51.599999999999994,3.0530760288238525
2023-04-13,BNF,0.55,5,35.600000000000016,3.376906156539917
2023-04-20,BNF,0.55,5,-8.599999999999994,2.954683780670166
2023-04-27,BNF,0.55,5,-11.600000000000009,5.510377883911133
2023-05-04,BNF,0.55,5,84.5,2.4004976749420166
2023-05-11,BNF,0.55,5,87.0,2.052034378051758
2023-05-18,BNF,0.55,5,30.150000000000006,1.5547561645507812
2023-05-25,BNF,0.55,5,65.94999999999999,3.199411153793335
