instrument_token,last_price,open,high,low,close,change,timestamp
260105,47577.75,47391.05,47642.15,47373.1,47124.6,0.9615996740555919,2024-04-01 12:06:09
260105,47576.8,47391.05,47642.15,47373.1,47124.6,0.9595837418248736,2024-04-01 12:06:10
260105,47577.1,47391.05,47642.15,47373.1,47124.6,0.9602203520029878,2024-04-01 12:06:11
260105,47581.5,47391.05,47642.15,47373.1,47124.6,0.969557301282136,2024-04-01 12:06:12
260105,47579.55,47391.05,47642.15,47373.1,47124.6,0.9654193351243393,2024-04-01 12:06:13
260105,47570.55,47391.05,47642.15,47373.1,47124.6,0.9463210297806334,2024-04-01 12:06:14
260105,47581.35,47391.05,47642.15,47373.1,47124.6,0.9692389961930712,2024-04-01 12:06:15
260105,47579.7,47391.05,47642.15,47373.1,47124.6,0.9657376402133887,2024-04-01 12:06:16
260105,47578.85,47391.05,47642.15,47373.1,47124.6,0.9639339113753751,2024-04-01 12:06:17
260105,47576.5,47391.05,47642.15,47373.1,47124.6,0.9589471316467438,2024-04-01 12:06:18
260105,47578.2,47391.05,47642.15,47373.1,47124.6,0.962554589322771,2024-04-01 12:06:19
260105,47581.2,47391.05,47642.15,47373.1,47124.6,0.9689206911040064,2024-04-01 12:06:20
260105,47574.15,47391.05,47642.15,47373.1,47124.6,0.9539603519181127,2024-04-01 12:06:21
260105,47573.85,47391.05,47642.15,47373.1,47124.6,0.953323741739983,2024-04-01 12:06:22
260105,47572.95,47391.05,47642.15,47373.1,47124.6,0.9514139112056093,2024-04-01 12:06:23
260105,47574.35,47391.05,47642.15,47373.1,47124.6,0.9543847587035221,2024-04-01 12:06:24
260105,47574.3,47391.05,47642.15,47373.1,47124.6,0.9542786570071775,2024-04-01 12:06:25
260105,47571.65,47391.05,47642.15,47373.1,47124.6,0.9486552671004166,2024-04-01 12:06:26
260105,47571.4,47391.05,47642.15,47373.1,47124.6,0.948124758618647,2024-04-01 12:06:27
260105,47571.2,47391.05,47642.15,47373.1,47124.6,0.9477003518332221,2024-04-01 12:06:28
260105,47570.75,47391.05,47642.15,47373.1,47124.6,0.9467454365660429,2024-04-01 12:06:29
260105,47570.2,47391.05,47642.15,47373.1,47124.6,0.9455783179061437,2024-04-01 12:06:30
260105,47565.95,47391.05,47642.15,47373.1,47124.6,0.9365596737160603,2024-04-01 12:06:31
260105,47571.05,47391.05,47642.15,47373.1,47124.6,0.9473820467441726,2024-04-01 12:06:32
260105,47571.9,47391.05,47642.15,47373.1,47124.6,0.9491857755821862,2024-04-01 12:06:33
260105,47573.95,47391.05,47642.15,47373.1,47124.6,0.9535359451326877,2024-04-01 12:06:34
260105,47572.9,47391.05,47642.15,47373.1,47124.6,0.9513078095092646,2024-04-01 12:06:35
260105,47571.25,47391.05,47642.15,47373.1,47124.6,0.9478064535295821,2024-04-01 12:06:36
260105,47567.15,47391.05,47642.15,47373.1,47124.6,0.9391061144285637,2024-04-01 12:06:37
260105,47565.85,47391.05,47642.15,47373.1,47124.6,0.9363474703233555,2024-04-01 12:06:38
260105,47564.2,47391.05,47642.15,47373.1,47124.6,0.932846114343673,2024-04-01 12:06:39
260105,47568.9,47391.05,47642.15,47373.1,47124.6,0.9428196738009509,2024-04-01 12:06:40
260105,47569.0,47391.05,47642.15,47373.1,47124.6,0.9430318771936557,2024-04-01 12:06:41
260105,47566.9,47391.05,47642.15,47373.1,47124.6,0.9385756059467941,2024-04-01 12:06:42
260105,47569.5,47391.05,47642.15,47373.1,47124.6,0.9440928941571949,2024-04-01 12:06:43
260105,47573.35,47391.05,47642.15,47373.1,47124.6,0.9522627247764438,2024-04-01 12:06:45
260105,47568.3,47391.05,47642.15,47373.1,47124.6,0.941546453444707,2024-04-01 12:06:46
260105,47570.0,47391.05,47642.15,47373.1,47124.6,0.9451539111207341,2024-04-01 12:06:47
260105,47569.05,47391.05,47642.15,47373.1,47124.6,0.9431379788900158,2024-04-01 12:06:48
260105,47570.75,47391.05,47642.15,47373.1,47124.6,0.9467454365660429,2024-04-01 12:06:49
260105,47570.75,47391.05,47642.15,47373.1,47124.6,0.9467454365660429,2024-04-01 12:06:50
260105,47571.6,47391.05,47642.15,47373.1,47124.6,0.9485491654040565,2024-04-01 12:06:51
260105,47570.9,47391.05,47642.15,47373.1,47124.6,0.9470637416551078,2024-04-01 12:06:52
260105,47569.25,47391.05,47642.15,47373.1,47124.6,0.9435623856754253,2024-04-01 12:06:53
260105,47570.2,47391.05,47642.15,47373.1,47124.6,0.9455783179061437,2024-04-01 12:06:54
260105,47570.8,47391.05,47642.15,47373.1,47124.6,0.946851538262403,2024-04-01 12:06:55
260105,47570.9,47391.05,47642.15,47373.1,47124.6,0.9470637416551078,2024-04-01 12:06:56
260105,47568.8,47391.05,47642.15,47373.1,47124.6,0.9426074704082462,2024-04-01 12:06:57
260105,47567.7,47391.05,47642.15,47373.1,47124.6,0.9402732330884476,2024-04-01 12:06:58
260105,47567.8,47391.05,47642.15,47373.1,47124.6,0.9404854364811678,2024-04-01 12:06:59
260105,47568.9,47391.05,47642.15,47373.1,47124.6,0.9428196738009509,2024-04-01 12:07:00
260105,47569.1,47391.05,47642.15,47373.1,47124.6,0.9432440805863604,2024-04-01 12:07:01
260105,47565.35,47391.05,47642.15,47373.1,47124.6,0.9352864533598163,2024-04-01 12:07:02
260105,47565.1,47391.05,47642.15,47373.1,47124.6,0.9347559448780467,2024-04-01 12:07:03
260105,47567.45,47391.05,47642.15,47373.1,47124.6,0.939742724606678,2024-04-01 12:07:04
260105,47566.5,47391.05,47642.15,47373.1,47124.6,0.9377267923759596,2024-04-01 12:07:05
260105,47569.35,47391.05,47642.15,47373.1,47124.6,0.94377458906813,2024-04-01 12:07:06
260105,47567.8,47391.05,47642.15,47373.1,47124.6,0.9404854364811678,2024-04-01 12:07:07
260105,47567.3,47391.05,47642.15,47373.1,47124.6,0.9394244195176286,2024-04-01 12:07:08
260105,47564.2,47391.05,47642.15,47373.1,47124.6,0.932846114343673,2024-04-01 12:07:09
260105,47566.85,47391.05,47642.15,47373.1,47124.6,0.938469504250434,2024-04-01 12:07:10
260105,47565.6,47391.05,47642.15,47373.1,47124.6,0.9358169618415859,2024-04-01 12:07:11
260105,47562.7,47391.05,47642.15,47373.1,47124.6,0.9296630634530554,2024-04-01 12:07:13
260105,47563.05,47391.05,47642.15,47373.1,47124.6,0.9304057753275452,2024-04-01 12:07:15
260105,47562.95,47391.05,47642.15,47373.1,47124.6,0.930193571934825,2024-04-01 12:07:17
260105,47557.95,47391.05,47642.15,47373.1,47124.6,0.9195834022994329,2024-04-01 12:07:18
260105,47563.3,47391.05,47642.15,47373.1,47124.6,0.9309362838093148,2024-04-01 12:07:19
260105,47565.45,47391.05,47642.15,47373.1,47124.6,0.9354986567525211,2024-04-01 12:07:20
260105,47567.25,47391.05,47642.15,47373.1,47124.6,0.9393183178212684,2024-04-01 12:07:21
260105,47567.7,47391.05,47642.15,47373.1,47124.6,0.9402732330884476,2024-04-01 12:07:22
260105,47570.6,47391.05,47642.15,47373.1,47124.6,0.9464271314769781,2024-04-01 12:07:23
260105,47568.85,47391.05,47642.15,47373.1,47124.6,0.9427135721045908,2024-04-01 12:07:24
260105,47567.7,47391.05,47642.15,47373.1,47124.6,0.9402732330884476,2024-04-01 12:07:25
260105,47567.85,47391.05,47642.15,47373.1,47124.6,0.9405915381775124,2024-04-01 12:07:26
260105,47567.2,47391.05,47642.15,47373.1,47124.6,0.9392122161249084,2024-04-01 12:07:27
260105,47567.2,47391.05,47642.15,47373.1,47124.6,0.9392122161249084,2024-04-01 12:07:28
260105,47569.75,47391.05,47642.15,47373.1,47124.6,0.9446234026389645,2024-04-01 12:07:29
260105,47565.25,47391.05,47642.15,47373.1,47124.6,0.9350742499671116,2024-04-01 12:07:30
260105,47564.75,47391.05,47642.15,47373.1,47124.6,0.9340132330035724,2024-04-01 12:07:31
260105,47566.3,47391.05,47642.15,47373.1,47124.6,0.9373023855905501,2024-04-01 12:07:32
260105,47561.45,47391.05,47642.15,47373.1,47124.6,0.9270105210442074,2024-04-01 12:07:33
260105,47566.85,47391.05,47642.15,47373.1,47124.6,0.938469504250434,2024-04-01 12:07:34
260105,47566.45,47391.05,47642.15,47373.1,47124.6,0.9376206906795995,2024-04-01 12:07:35
260105,47568.55,47391.05,47642.15,47373.1,47124.6,0.9420769619264766,2024-04-01 12:07:36
260105,47566.65,47391.05,47642.15,47373.1,47124.6,0.9380450974650245,2024-04-01 12:07:37
260105,47566.4,47391.05,47642.15,47373.1,47124.6,0.9375145889832549,2024-04-01 12:07:38
260105,47564.9,47391.05,47642.15,47373.1,47124.6,0.9343315380926372,2024-04-01 12:07:39
260105,47564.7,47391.05,47642.15,47373.1,47124.6,0.9339071313072123,2024-04-01 12:07:40
260105,47567.15,47391.05,47642.15,47373.1,47124.6,0.9391061144285637,2024-04-01 12:07:41
260105,47563.15,47391.05,47642.15,47373.1,47124.6,0.93061797872025,2024-04-01 12:07:42
260105,47561.5,47391.05,47642.15,47373.1,47124.6,0.9271166227405675,2024-04-01 12:07:43
260105,47561.9,47391.05,47642.15,47373.1,47124.6,0.9279654363114019,2024-04-01 12:07:44
260105,47565.65,47391.05,47642.15,47373.1,47124.6,0.9359230635379461,2024-04-01 12:07:45
260105,47559.3,47391.05,47642.15,47373.1,47124.6,0.9224481481010012,2024-04-01 12:07:46
260105,47557.95,47391.05,47642.15,47373.1,47124.6,0.9195834022994329,2024-04-01 12:07:47
260105,47557.4,47391.05,47642.15,47373.1,47124.6,0.9184162836395491,2024-04-01 12:07:48
260105,47561.2,47391.05,47642.15,47373.1,47124.6,0.9264800125624378,2024-04-01 12:07:49
260105,47562.65,47391.05,47642.15,47373.1,47124.6,0.9295569617567108,2024-04-01 12:07:50
260105,47561.35,47391.05,47642.15,47373.1,47124.6,0.9267983176515027,2024-04-01 12:07:51
260105,47562.55,47391.05,47642.15,47373.1,47124.6,0.929344758364006,2024-04-01 12:07:52
260105,47561.35,47391.05,47642.15,47373.1,47124.6,0.9267983176515027,2024-04-01 12:07:53
260105,47563.9,47391.05,47642.15,47373.1,47124.6,0.9322095041655588,2024-04-01 12:07:54
260105,47561.95,47391.05,47642.15,47373.1,47124.6,0.9280715380077466,2024-04-01 12:07:55
260105,47557.7,47391.05,47642.15,47373.1,47124.6,0.9190528938176633,2024-04-01 12:07:56
260105,47555.35,47391.05,47642.15,47373.1,47124.6,0.914066114089032,2024-04-01 12:07:57
260105,47556.2,47391.05,47642.15,47373.1,47124.6,0.9158698429270457,2024-04-01 12:07:58
260105,47560.0,47391.05,47642.15,47373.1,47124.6,0.9239335718499498,2024-04-01 12:07:59
260105,47563.6,47391.05,47642.15,47373.1,47124.6,0.9315728939874292,2024-04-01 12:08:00
260105,47562.15,47391.05,47642.15,47373.1,47124.6,0.9284959447931715,2024-04-01 12:08:01
260105,47560.2,47391.05,47642.15,47373.1,47124.6,0.9243579786353594,2024-04-01 12:08:02
260105,47559.2,47391.05,47642.15,47373.1,47124.6,0.922235944708281,2024-04-01 12:08:03
260105,47560.5,47391.05,47642.15,47373.1,47124.6,0.9249945888134891,2024-04-01 12:08:04
260105,47558.4,47391.05,47642.15,47373.1,47124.6,0.9205383175666274,2024-04-01 12:08:05
260105,47563.0,47391.05,47642.15,47373.1,47124.6,0.9302996736311852,2024-04-01 12:08:06
260105,47560.1,47391.05,47642.15,47373.1,47124.6,0.9241457752426546,2024-04-01 12:08:07
260105,47561.4,47391.05,47642.15,47373.1,47124.6,0.9269044193478627,2024-04-01 12:08:09
260105,47559.5,47391.05,47642.15,47373.1,47124.6,0.9228725548864106,2024-04-01 12:08:10
260105,47562.1,47391.05,47642.15,47373.1,47124.6,0.9283898430968115,2024-04-01 12:08:11
260105,47560.95,47391.05,47642.15,47373.1,47124.6,0.9259495040806682,2024-04-01 12:08:12
260105,47562.4,47391.05,47642.15,47373.1,47124.6,0.9290264532749412,2024-04-01 12:08:13
260105,47557.15,47391.05,47642.15,47373.1,47124.6,0.9178857751577795,2024-04-01 12:08:14
260105,47557.65,47391.05,47642.15,47373.1,47124.6,0.9189467921213187,2024-04-01 12:08:15
260105,47558.35,47391.05,47642.15,47373.1,47124.6,0.9204322158702674,2024-04-01 12:08:16
260105,47562.4,47391.05,47642.15,47373.1,47124.6,0.9290264532749412,2024-04-01 12:08:17
260105,47557.6,47391.05,47642.15,47373.1,47124.6,0.9188406904249585,2024-04-01 12:08:18
260105,47556.75,47391.05,47642.15,47373.1,47124.6,0.9170369615869449,2024-04-01 12:08:19
260105,47557.9,47391.05,47642.15,47373.1,47124.6,0.9194773006030883,2024-04-01 12:08:20
260105,47555.8,47391.05,47642.15,47373.1,47124.6,0.9150210293562266,2024-04-01 12:08:21
260105,47556.55,47391.05,47642.15,47373.1,47124.6,0.9166125548015355,2024-04-01 12:08:22
260105,47558.7,47391.05,47642.15,47373.1,47124.6,0.9211749277447417,2024-04-01 12:08:23
260105,47560.95,47391.05,47642.15,47373.1,47124.6,0.9259495040806682,2024-04-01 12:08:24
260105,47561.2,47391.05,47642.15,47373.1,47124.6,0.9264800125624378,2024-04-01 12:08:25
260105,47561.15,47391.05,47642.15,47373.1,47124.6,0.9263739108660931,2024-04-01 12:08:26
260105,47560.4,47391.05,47642.15,47373.1,47124.6,0.9247823854207843,2024-04-01 12:08:27
260105,47563.95,47391.05,47642.15,47373.1,47124.6,0.9323156058619034,2024-04-01 12:08:28
260105,47564.15,47391.05,47642.15,47373.1,47124.6,0.9327400126473284,2024-04-01 12:08:29
260105,47564.9,47391.05,47642.15,47373.1,47124.6,0.9343315380926372,2024-04-01 12:08:30
260105,47563.4,47391.05,47642.15,47373.1,47124.6,0.9311484872020196,2024-04-01 12:08:31
260105,47566.0,47391.05,47642.15,47373.1,47124.6,0.9366657754124205,2024-04-01 12:08:32
260105,47565.7,47391.05,47642.15,47373.1,47124.6,0.9360291652342907,2024-04-01 12:08:33
260105,47567.2,47391.05,47642.15,47373.1,47124.6,0.9392122161249084,2024-04-01 12:08:34
260105,47567.8,47391.05,47642.15,47373.1,47124.6,0.9404854364811678,2024-04-01 12:08:35
260105,47565.05,47391.05,47642.15,47373.1,47124.6,0.9346498431817021,2024-04-01 12:08:36
260105,47562.5,47391.05,47642.15,47373.1,47124.6,0.9292386566676459,2024-04-01 12:08:37
260105,47563.95,47391.05,47642.15,47373.1,47124.6,0.9323156058619034,2024-04-01 12:08:38
260105,47564.05,47391.05,47642.15,47373.1,47124.6,0.9325278092546236,2024-04-01 12:08:39
260105,47562.4,47391.05,47642.15,47373.1,47124.6,0.9290264532749412,2024-04-01 12:08:40
260105,47559.9,47391.05,47642.15,47373.1,47124.6,0.9237213684572451,2024-04-01 12:08:41
260105,47558.0,47391.05,47642.15,47373.1,47124.6,0.919689503995793,2024-04-01 12:08:42
260105,47557.85,47391.05,47642.15,47373.1,47124.6,0.9193711989067281,2024-04-01 12:08:43
260105,47559.55,47391.05,47642.15,47373.1,47124.6,0.9229786565827708,2024-04-01 12:08:44
260105,47559.55,47391.05,47642.15,47373.1,47124.6,0.9229786565827708,2024-04-01 12:08:45
260105,47556.7,47391.05,47642.15,47373.1,47124.6,0.9169308598905849,2024-04-01 12:08:46
260105,47561.65,47391.05,47642.15,47373.1,47124.6,0.9274349278296323,2024-04-01 12:08:47
260105,47559.55,47391.05,47642.15,47373.1,47124.6,0.9229786565827708,2024-04-01 12:08:48
260105,47562.5,47391.05,47642.15,47373.1,47124.6,0.9292386566676459,2024-04-01 12:08:49
260105,47561.9,47391.05,47642.15,47373.1,47124.6,0.9279654363114019,2024-04-01 12:08:50
260105,47556.3,47391.05,47642.15,47373.1,47124.6,0.9160820463197659,2024-04-01 12:08:51
260105,47564.2,47391.05,47642.15,47373.1,47124.6,0.932846114343673,2024-04-01 12:08:52
260105,47566.3,47391.05,47642.15,47373.1,47124.6,0.9373023855905501,2024-04-01 12:08:53
260105,47565.5,47391.05,47642.15,47373.1,47124.6,0.9356047584488812,2024-04-01 12:08:54
260105,47562.9,47391.05,47642.15,47373.1,47124.6,0.9300874702384804,2024-04-01 12:08:55
260105,47558.05,47391.05,47642.15,47373.1,47124.6,0.9197956056921531,2024-04-01 12:08:56
260105,47557.05,47391.05,47642.15,47373.1,47124.6,0.9176735717650747,2024-04-01 12:08:57
260105,47562.1,47391.05,47642.15,47373.1,47124.6,0.9283898430968115,2024-04-01 12:08:58
260105,47557.5,47391.05,47642.15,47373.1,47124.6,0.9186284870322537,2024-04-01 12:08:59
260105,47557.1,47391.05,47642.15,47373.1,47124.6,0.9177796734614193,2024-04-01 12:09:00
260105,47568.25,47391.05,47642.15,47373.1,47124.6,0.9414403517483468,2024-04-01 12:09:02
260105,47559.7,47391.05,47642.15,47373.1,47124.6,0.9232969616718202,2024-04-01 12:09:03
260105,47564.1,47391.05,47642.15,47373.1,47124.6,0.9326339109509683,2024-04-01 12:09:04
260105,47560.85,47391.05,47642.15,47373.1,47124.6,0.9257373006879634,2024-04-01 12:09:05
260105,47562.55,47391.05,47642.15,47373.1,47124.6,0.929344758364006,2024-04-01 12:09:06
260105,47561.5,47391.05,47642.15,47373.1,47124.6,0.9271166227405675,2024-04-01 12:09:07
260105,47561.25,47391.05,47642.15,47373.1,47124.6,0.9265861142587979,2024-04-01 12:09:08
260105,47560.45,47391.05,47642.15,47373.1,47124.6,0.924888487117129,2024-04-01 12:09:09
260105,47565.45,47391.05,47642.15,47373.1,47124.6,0.9354986567525211,2024-04-01 12:09:10
260105,47563.15,47391.05,47642.15,47373.1,47124.6,0.93061797872025,2024-04-01 12:09:11
260105,47563.05,47391.05,47642.15,47373.1,47124.6,0.9304057753275452,2024-04-01 12:09:12
260105,47563.15,47391.05,47642.15,47373.1,47124.6,0.93061797872025,2024-04-01 12:09:13
260105,47564.75,47391.05,47642.15,47373.1,47124.6,0.9340132330035724,2024-04-01 12:09:14
260105,47565.7,47391.05,47642.15,47373.1,47124.6,0.9360291652342907,2024-04-01 12:09:15
260105,47568.15,47391.05,47642.15,47373.1,47124.6,0.9412281483556422,2024-04-01 12:09:16
260105,47569.35,47391.05,47642.15,47373.1,47124.6,0.94377458906813,2024-04-01 12:09:17
260105,47564.8,47391.05,47642.15,47373.1,47124.6,0.9341193346999325,2024-04-01 12:09:18
260105,47560.45,47391.05,47642.15,47373.1,47124.6,0.924888487117129,2024-04-01 12:09:19
260105,47562.75,47391.05,47642.15,47373.1,47124.6,0.9297691651494155,2024-04-01 12:09:20
260105,47564.4,47391.05,47642.15,47373.1,47124.6,0.933270521129098,2024-04-01 12:09:21
260105,47564.35,47391.05,47642.15,47373.1,47124.6,0.9331644194327379,2024-04-01 12:09:22
260105,47564.75,47391.05,47642.15,47373.1,47124.6,0.9340132330035724,2024-04-01 12:09:23
260105,47569.75,47391.05,47642.15,47373.1,47124.6,0.9446234026389645,2024-04-01 12:09:24
260105,47564.75,47391.05,47642.15,47373.1,47124.6,0.9340132330035724,2024-04-01 12:09:25
260105,47564.9,47391.05,47642.15,47373.1,47124.6,0.9343315380926372,2024-04-01 12:09:26
260105,47564.8,47391.05,47642.15,47373.1,47124.6,0.9341193346999325,2024-04-01 12:09:27
260105,47566.35,47391.05,47642.15,47373.1,47124.6,0.9374084872868947,2024-04-01 12:09:28
260105,47569.55,47391.05,47642.15,47373.1,47124.6,0.944198995853555,2024-04-01 12:09:29
260105,47564.05,47391.05,47642.15,47373.1,47124.6,0.9325278092546236,2024-04-01 12:09:30
260105,47570.8,47391.05,47642.15,47373.1,47124.6,0.946851538262403,2024-04-01 12:09:31
260105,47567.1,47391.05,47642.15,47373.1,47124.6,0.9390000127322036,2024-04-01 12:09:32
260105,47563.65,47391.05,47642.15,47373.1,47124.6,0.9316789956837892,2024-04-01 12:09:33
260105,47566.45,47391.05,47642.15,47373.1,47124.6,0.9376206906795995,2024-04-01 12:09:34
260105,47564.95,47391.05,47642.15,47373.1,47124.6,0.9344376397889819,2024-04-01 12:09:35
260105,47569.6,47391.05,47642.15,47373.1,47124.6,0.9443050975498997,2024-04-01 12:09:36
260105,47564.15,47391.05,47642.15,47373.1,47124.6,0.9327400126473284,2024-04-01 12:09:37
260105,47564.55,47391.05,47642.15,47373.1,47124.6,0.9335888262181629,2024-04-01 12:09:38
260105,47567.55,47391.05,47642.15,47373.1,47124.6,0.9399549279993982,2024-04-01 12:09:39
260105,47562.55,47391.05,47642.15,47373.1,47124.6,0.929344758364006,2024-04-01 12:09:40
260105,47560.35,47391.05,47642.15,47373.1,47124.6,0.9246762837244242,2024-04-01 12:09:41
260105,47558.75,47391.05,47642.15,47373.1,47124.6,0.9212810294411018,2024-04-01 12:09:42
260105,47562.5,47391.05,47642.15,47373.1,47124.6,0.9292386566676459,2024-04-01 12:09:43
260105,47563.1,47391.05,47642.15,47373.1,47124.6,0.9305118770238899,2024-04-01 12:09:44
260105,47559.25,47391.05,47642.15,47373.1,47124.6,0.922342046404641,2024-04-01 12:09:46
260105,47564.05,47391.05,47642.15,47373.1,47124.6,0.9325278092546236,2024-04-01 12:09:47
260105,47558.2,47391.05,47642.15,47373.1,47124.6,0.9201139107812025,2024-04-01 12:09:48
260105,47564.15,47391.05,47642.15,47373.1,47124.6,0.9327400126473284,2024-04-01 12:09:49
260105,47564.0,47391.05,47642.15,47373.1,47124.6,0.9324217075582636,2024-04-01 12:09:50
260105,47564.3,47391.05,47642.15,47373.1,47124.6,0.9330583177363933,2024-04-01 12:09:51
260105,47567.35,47391.05,47642.15,47373.1,47124.6,0.9395305212139732,2024-04-01 12:09:52
260105,47561.3,47391.05,47642.15,47373.1,47124.6,0.9266922159551579,2024-04-01 12:09:54
260105,47562.15,47391.05,47642.15,47373.1,47124.6,0.9284959447931715,2024-04-01 12:09:55
260105,47561.95,47391.05,47642.15,47373.1,47124.6,0.9280715380077466,2024-04-01 12:09:56
260105,47560.2,47391.05,47642.15,47373.1,47124.6,0.9243579786353594,2024-04-01 12:09:57
260105,47558.25,47391.05,47642.15,47373.1,47124.6,0.9202200124775626,2024-04-01 12:09:58
260105,47560.15,47391.05,47642.15,47373.1,47124.6,0.9242518769390147,2024-04-01 12:09:59
260105,47564.1,47391.05,47642.15,47373.1,47124.6,0.9326339109509683,2024-04-01 12:10:00
260105,47559.4,47391.05,47642.15,47373.1,47124.6,0.9226603514937058,2024-04-01 12:10:01
260105,47559.15,47391.05,47642.15,47373.1,47124.6,0.9221298430119362,2024-04-01 12:10:02
260105,47557.15,47391.05,47642.15,47373.1,47124.6,0.9178857751577795,2024-04-01 12:10:03
260105,47561.5,47391.05,47642.15,47373.1,47124.6,0.9271166227405675,2024-04-01 12:10:04
260105,47558.45,47391.05,47642.15,47373.1,47124.6,0.9206444192629721,2024-04-01 12:10:05
260105,47561.2,47391.05,47642.15,47373.1,47124.6,0.9264800125624378,2024-04-01 12:10:06
260105,47561.3,47391.05,47642.15,47373.1,47124.6,0.9266922159551579,2024-04-01 12:10:07
260105,47559.15,47391.05,47642.15,47373.1,47124.6,0.9221298430119362,2024-04-01 12:10:08
260105,47557.7,47391.05,47642.15,47373.1,47124.6,0.9190528938176633,2024-04-01 12:10:09
260105,47558.5,47391.05,47642.15,47373.1,47124.6,0.9207505209593322,2024-04-01 12:10:10
260105,47558.55,47391.05,47642.15,47373.1,47124.6,0.9208566226556923,2024-04-01 12:10:12
260105,47564.55,47391.05,47642.15,47373.1,47124.6,0.9335888262181629,2024-04-01 12:10:13
260105,47559.05,47391.05,47642.15,47373.1,47124.6,0.9219176396192316,2024-04-01 12:10:15
260105,47562.95,47391.05,47642.15,47373.1,47124.6,0.930193571934825,2024-04-01 12:10:16
260105,47557.1,47391.05,47642.15,47373.1,47124.6,0.9177796734614193,2024-04-01 12:10:18
260105,47559.55,47391.05,47642.15,47373.1,47124.6,0.9229786565827708,2024-04-01 12:10:19
260105,47558.3,47391.05,47642.15,47373.1,47124.6,0.9203261141739227,2024-04-01 12:10:20
260105,47563.65,47391.05,47642.15,47373.1,47124.6,0.9316789956837892,2024-04-01 12:10:22
260105,47563.1,47391.05,47642.15,47373.1,47124.6,0.9305118770238899,2024-04-01 12:10:24
260105,47561.0,47391.05,47642.15,47373.1,47124.6,0.9260556057770283,2024-04-01 12:10:25
260105,47562.0,47391.05,47642.15,47373.1,47124.6,0.9281776397041067,2024-04-01 12:10:26
260105,47555.2,47391.05,47642.15,47373.1,47124.6,0.9137478089999672,2024-04-01 12:10:27
260105,47563.65,47391.05,47642.15,47373.1,47124.6,0.9316789956837892,2024-04-01 12:10:28
260105,47555.9,47391.05,47642.15,47373.1,47124.6,0.9152332327489314,2024-04-01 12:10:29
260105,47560.9,47391.05,47642.15,47373.1,47124.6,0.9258434023843235,2024-04-01 12:10:30
260105,47563.3,47391.05,47642.15,47373.1,47124.6,0.9309362838093148,2024-04-01 12:10:31
260105,47563.55,47391.05,47642.15,47373.1,47124.6,0.9314667922910844,2024-04-01 12:10:32
260105,47565.65,47391.05,47642.15,47373.1,47124.6,0.9359230635379461,2024-04-01 12:10:33
260105,47564.9,47391.05,47642.15,47373.1,47124.6,0.9343315380926372,2024-04-01 12:10:34
260105,47566.85,47391.05,47642.15,47373.1,47124.6,0.938469504250434,2024-04-01 12:10:36
260105,47568.75,47391.05,47642.15,47373.1,47124.6,0.9425013687118861,2024-04-01 12:10:37
260105,47568.0,47391.05,47642.15,47373.1,47124.6,0.9409098432665772,2024-04-01 12:10:38
260105,47566.7,47391.05,47642.15,47373.1,47124.6,0.9381511991613691,2024-04-01 12:10:39
260105,47567.3,47391.05,47642.15,47373.1,47124.6,0.9394244195176286,2024-04-01 12:10:40
260105,47570.2,47391.05,47642.15,47373.1,47124.6,0.9455783179061437,2024-04-01 12:10:41
260105,47569.55,47391.05,47642.15,47373.1,47124.6,0.944198995853555,2024-04-01 12:10:42
260105,47567.6,47391.05,47642.15,47373.1,47124.6,0.9400610296957428,2024-04-01 12:10:43
260105,47559.6,47391.05,47642.15,47373.1,47124.6,0.9230847582791154,2024-04-01 12:10:44
260105,47562.0,47391.05,47642.15,47373.1,47124.6,0.9281776397041067,2024-04-01 12:10:45
260105,47564.55,47391.05,47642.15,47373.1,47124.6,0.9335888262181629,2024-04-01 12:10:46
260105,47559.25,47391.05,47642.15,47373.1,47124.6,0.922342046404641,2024-04-01 12:10:47
260105,47560.85,47391.05,47642.15,47373.1,47124.6,0.9257373006879634,2024-04-01 12:10:48
260105,47562.7,47391.05,47642.15,47373.1,47124.6,0.9296630634530554,2024-04-01 12:10:49
260105,47558.35,47391.05,47642.15,47373.1,47124.6,0.9204322158702674,2024-04-01 12:10:50
260105,47561.6,47391.05,47642.15,47373.1,47124.6,0.9273288261332723,2024-04-01 12:10:51
260105,47566.05,47391.05,47642.15,47373.1,47124.6,0.9367718771087805,2024-04-01 12:10:52
260105,47563.15,47391.05,47642.15,47373.1,47124.6,0.93061797872025,2024-04-01 12:10:53
260105,47566.0,47391.05,47642.15,47373.1,47124.6,0.9366657754124205,2024-04-01 12:10:54
260105,47565.7,47391.05,47642.15,47373.1,47124.6,0.9360291652342907,2024-04-01 12:10:55
260105,47561.35,47391.05,47642.15,47373.1,47124.6,0.9267983176515027,2024-04-01 12:10:56
260105,47566.5,47391.05,47642.15,47373.1,47124.6,0.9377267923759596,2024-04-01 12:10:57
260105,47564.8,47391.05,47642.15,47373.1,47124.6,0.9341193346999325,2024-04-01 12:10:58
260105,47559.05,47391.05,47642.15,47373.1,47124.6,0.9219176396192316,2024-04-01 12:10:59
260105,47567.25,47391.05,47642.15,47373.1,47124.6,0.9393183178212684,2024-04-01 12:11:00
260105,47564.35,47391.05,47642.15,47373.1,47124.6,0.9331644194327379,2024-04-01 12:11:03
260105,47565.7,47391.05,47642.15,47373.1,47124.6,0.9360291652342907,2024-04-01 12:11:04
260105,47565.1,47391.05,47642.15,47373.1,47124.6,0.9347559448780467,2024-04-01 12:11:05
260105,47565.05,47391.05,47642.15,47373.1,47124.6,0.9346498431817021,2024-04-01 12:11:06
260105,47564.75,47391.05,47642.15,47373.1,47124.6,0.9340132330035724,2024-04-01 12:11:07
260105,47566.45,47391.05,47642.15,47373.1,47124.6,0.9376206906795995,2024-04-01 12:11:09
260105,47566.6,47391.05,47642.15,47373.1,47124.6,0.9379389957686644,2024-04-01 12:11:10
260105,47565.8,47391.05,47642.15,47373.1,47124.6,0.9362413686270109,2024-04-01 12:11:11
260105,47568.2,47391.05,47642.15,47373.1,47124.6,0.9413342500519868,2024-04-01 12:11:13
260105,47564.1,47391.05,47642.15,47373.1,47124.6,0.9326339109509683,2024-04-01 12:11:14
260105,47567.85,47391.05,47642.15,47373.1,47124.6,0.9405915381775124,2024-04-01 12:11:15
260105,47565.7,47391.05,47642.15,47373.1,47124.6,0.9360291652342907,2024-04-01 12:11:16
260105,47567.15,47391.05,47642.15,47373.1,47124.6,0.9391061144285637,2024-04-01 12:11:17
260105,47567.75,47391.05,47642.15,47373.1,47124.6,0.9403793347848076,2024-04-01 12:11:18
260105,47566.7,47391.05,47642.15,47373.1,47124.6,0.9381511991613691,2024-04-01 12:11:19
260105,47564.65,47391.05,47642.15,47373.1,47124.6,0.9338010296108676,2024-04-01 12:11:20
260105,47571.0,47391.05,47642.15,47373.1,47124.6,0.9472759450478125,2024-04-01 12:11:21
260105,47567.25,47391.05,47642.15,47373.1,47124.6,0.9393183178212684,2024-04-01 12:11:22
260105,47569.05,47391.05,47642.15,47373.1,47124.6,0.9431379788900158,2024-04-01 12:11:23
260105,47568.85,47391.05,47642.15,47373.1,47124.6,0.9427135721045908,2024-04-01 12:11:24
260105,47569.5,47391.05,47642.15,47373.1,47124.6,0.9440928941571949,2024-04-01 12:11:25
260105,47571.55,47391.05,47642.15,47373.1,47124.6,0.9484430637077118,2024-04-01 12:11:26
260105,47571.55,47391.05,47642.15,47373.1,47124.6,0.9484430637077118,2024-04-01 12:11:27
260105,47569.85,47391.05,47642.15,47373.1,47124.6,0.9448356060316693,2024-04-01 12:11:28
260105,47572.45,47391.05,47642.15,47373.1,47124.6,0.95035289424207,2024-04-01 12:11:29
260105,47569.55,47391.05,47642.15,47373.1,47124.6,0.944198995853555,2024-04-01 12:11:30
260105,47571.3,47391.05,47642.15,47373.1,47124.6,0.9479125552259422,2024-04-01 12:11:31
260105,47571.1,47391.05,47642.15,47373.1,47124.6,0.9474881484405173,2024-04-01 12:11:32
260105,47570.45,47391.05,47642.15,47373.1,47124.6,0.9461088263879133,2024-04-01 12:11:33
260105,47571.15,47391.05,47642.15,47373.1,47124.6,0.9475942501368774,2024-04-01 12:11:34
260105,47572.2,47391.05,47642.15,47373.1,47124.6,0.9498223857603004,2024-04-01 12:11:36
260105,47570.75,47391.05,47642.15,47373.1,47124.6,0.9467454365660429,2024-04-01 12:11:37
260105,47567.8,47391.05,47642.15,47373.1,47124.6,0.9404854364811678,2024-04-01 12:11:38
260105,47562.45,47391.05,47642.15,47373.1,47124.6,0.9291325549712858,2024-04-01 12:11:39
260105,47571.8,47391.05,47642.15,47373.1,47124.6,0.9489735721894814,2024-04-01 12:11:40
260105,47572.85,47391.05,47642.15,47373.1,47124.6,0.9512017078129046,2024-04-01 12:11:41
260105,47568.95,47391.05,47642.15,47373.1,47124.6,0.9429257754972956,2024-04-01 12:11:42
260105,47571.0,47391.05,47642.15,47373.1,47124.6,0.9472759450478125,2024-04-01 12:11:43
260105,47568.15,47391.05,47642.15,47373.1,47124.6,0.9412281483556422,2024-04-01 12:11:44
260105,47567.0,47391.05,47642.15,47373.1,47124.6,0.9387878093394988,2024-04-01 12:11:45
260105,47564.2,47391.05,47642.15,47373.1,47124.6,0.932846114343673,2024-04-01 12:11:46
260105,47564.7,47391.05,47642.15,47373.1,47124.6,0.9339071313072123,2024-04-01 12:11:47
260105,47564.05,47391.05,47642.15,47373.1,47124.6,0.9325278092546236,2024-04-01 12:11:48
260105,47564.4,47391.05,47642.15,47373.1,47124.6,0.933270521129098,2024-04-01 12:11:49
260105,47563.65,47391.05,47642.15,47373.1,47124.6,0.9316789956837892,2024-04-01 12:11:51
260105,47567.0,47391.05,47642.15,47373.1,47124.6,0.9387878093394988,2024-04-01 12:11:52
260105,47568.55,47391.05,47642.15,47373.1,47124.6,0.9420769619264766,2024-04-01 12:11:53
260105,47571.6,47391.05,47642.15,47373.1,47124.6,0.9485491654040565,2024-04-01 12:11:54
260105,47568.95,47391.05,47642.15,47373.1,47124.6,0.9429257754972956,2024-04-01 12:11:55
260105,47566.8,47391.05,47642.15,47373.1,47124.6,0.9383634025540893,2024-04-01 12:11:56
260105,47562.35,47391.05,47642.15,47373.1,47124.6,0.9289203515785811,2024-04-01 12:11:57
260105,47565.65,47391.05,47642.15,47373.1,47124.6,0.9359230635379461,2024-04-01 12:11:58
260105,47566.5,47391.05,47642.15,47373.1,47124.6,0.9377267923759596,2024-04-01 12:11:59
260105,47564.8,47391.05,47642.15,47373.1,47124.6,0.9341193346999325,2024-04-01 12:12:00
260105,47562.25,47391.05,47642.15,47373.1,47124.6,0.9287081481858763,2024-04-01 12:12:01
260105,47560.9,47391.05,47642.15,47373.1,47124.6,0.9258434023843235,2024-04-01 12:12:02
260105,47563.4,47391.05,47642.15,47373.1,47124.6,0.9311484872020196,2024-04-01 12:12:03
260105,47560.25,47391.05,47642.15,47373.1,47124.6,0.9244640803317195,2024-04-01 12:12:04
260105,47559.2,47391.05,47642.15,47373.1,47124.6,0.922235944708281,2024-04-01 12:12:05
260105,47560.75,47391.05,47642.15,47373.1,47124.6,0.9255250972952587,2024-04-01 12:12:06
260105,47559.25,47391.05,47642.15,47373.1,47124.6,0.922342046404641,2024-04-01 12:12:07
260105,47561.95,47391.05,47642.15,47373.1,47124.6,0.9280715380077466,2024-04-01 12:12:08
260105,47559.25,47391.05,47642.15,47373.1,47124.6,0.922342046404641,2024-04-01 12:12:09
260105,47559.2,47391.05,47642.15,47373.1,47124.6,0.922235944708281,2024-04-01 12:12:10
260105,47560.6,47391.05,47642.15,47373.1,47124.6,0.9252067922061938,2024-04-01 12:12:11
260105,47562.9,47391.05,47642.15,47373.1,47124.6,0.9300874702384804,2024-04-01 12:12:12
260105,47562.2,47391.05,47642.15,47373.1,47124.6,0.9286020464895162,2024-04-01 12:12:13
260105,47556.65,47391.05,47642.15,47373.1,47124.6,0.9168247581942403,2024-04-01 12:12:14
260105,47557.25,47391.05,47642.15,47373.1,47124.6,0.9180979785504841,2024-04-01 12:12:15
260105,47561.5,47391.05,47642.15,47373.1,47124.6,0.9271166227405675,2024-04-01 12:12:16
260105,47560.75,47391.05,47642.15,47373.1,47124.6,0.9255250972952587,2024-04-01 12:12:17
260105,47558.15,47391.05,47642.15,47373.1,47124.6,0.9200078090848579,2024-04-01 12:12:18
260105,47553.25,47391.05,47642.15,47373.1,47124.6,0.9096098428421705,2024-04-01 12:12:19
260105,47561.15,47391.05,47642.15,47373.1,47124.6,0.9263739108660931,2024-04-01 12:12:20
260105,47556.4,47391.05,47642.15,47373.1,47124.6,0.9162942497124706,2024-04-01 12:12:21
260105,47559.55,47391.05,47642.15,47373.1,47124.6,0.9229786565827708,2024-04-01 12:12:22
260105,47559.4,47391.05,47642.15,47373.1,47124.6,0.9226603514937058,2024-04-01 12:12:23
260105,47560.05,47391.05,47642.15,47373.1,47124.6,0.92403967354631,2024-04-01 12:12:24
260105,47561.5,47391.05,47642.15,47373.1,47124.6,0.9271166227405675,2024-04-01 12:12:25
260105,47560.2,47391.05,47642.15,47373.1,47124.6,0.9243579786353594,2024-04-01 12:12:26
260105,47562.75,47391.05,47642.15,47373.1,47124.6,0.9297691651494155,2024-04-01 12:12:27
260105,47561.6,47391.05,47642.15,47373.1,47124.6,0.9273288261332723,2024-04-01 12:12:28
260105,47561.9,47391.05,47642.15,47373.1,47124.6,0.9279654363114019,2024-04-01 12:12:29
260105,47566.0,47391.05,47642.15,47373.1,47124.6,0.9366657754124205,2024-04-01 12:12:30
260105,47563.3,47391.05,47642.15,47373.1,47124.6,0.9309362838093148,2024-04-01 12:12:31
260105,47564.6,47391.05,47642.15,47373.1,47124.6,0.9336949279145075,2024-04-01 12:12:32
260105,47561.45,47391.05,47642.15,47373.1,47124.6,0.9270105210442074,2024-04-01 12:12:33
260105,47561.45,47391.05,47642.15,47373.1,47124.6,0.9270105210442074,2024-04-01 12:12:34
260105,47562.3,47391.05,47642.15,47373.1,47124.6,0.9288142498822364,2024-04-01 12:12:35
260105,47561.55,47391.05,47642.15,47373.1,47124.6,0.9272227244369275,2024-04-01 12:12:36
260105,47562.9,47391.05,47642.15,47373.1,47124.6,0.9300874702384804,2024-04-01 12:12:38
260105,47558.2,47391.05,47642.15,47373.1,47124.6,0.9201139107812025,2024-04-01 12:12:40
260105,47560.45,47391.05,47642.15,47373.1,47124.6,0.924888487117129,2024-04-01 12:12:41
260105,47558.3,47391.05,47642.15,47373.1,47124.6,0.9203261141739227,2024-04-01 12:12:42
260105,47561.0,47391.05,47642.15,47373.1,47124.6,0.9260556057770283,2024-04-01 12:12:43
260105,47559.7,47391.05,47642.15,47373.1,47124.6,0.9232969616718202,2024-04-01 12:12:44
260105,47561.15,47391.05,47642.15,47373.1,47124.6,0.9263739108660931,2024-04-01 12:12:45
260105,47560.45,47391.05,47642.15,47373.1,47124.6,0.924888487117129,2024-04-01 12:12:46
260105,47559.45,47391.05,47642.15,47373.1,47124.6,0.9227664531900506,2024-04-01 12:12:47
260105,47558.65,47391.05,47642.15,47373.1,47124.6,0.921068826048397,2024-04-01 12:12:48
260105,47553.6,47391.05,47642.15,47373.1,47124.6,0.9103525547166449,2024-04-01 12:12:49
260105,47555.1,47391.05,47642.15,47373.1,47124.6,0.9135356056072624,2024-04-01 12:12:50
260105,47554.95,47391.05,47642.15,47373.1,47124.6,0.9132173005181976,2024-04-01 12:12:51
260105,47552.55,47391.05,47642.15,47373.1,47124.6,0.9081244190932217,2024-04-01 12:12:52
260105,47552.85,47391.05,47642.15,47373.1,47124.6,0.9087610292713361,2024-04-01 12:12:53
260105,47559.85,47391.05,47642.15,47373.1,47124.6,0.923615266760885,2024-04-01 12:12:54
260105,47552.45,47391.05,47642.15,47373.1,47124.6,0.9079122157005015,2024-04-01 12:12:55
260105,47557.05,47391.05,47642.15,47373.1,47124.6,0.9176735717650747,2024-04-01 12:12:56
260105,47558.1,47391.05,47642.15,47373.1,47124.6,0.9199017073884977,2024-04-01 12:12:57
260105,47556.2,47391.05,47642.15,47373.1,47124.6,0.9158698429270457,2024-04-01 12:12:58
260105,47556.9,47391.05,47642.15,47373.1,47124.6,0.9173552666760099,2024-04-01 12:12:59
260105,47559.9,47391.05,47642.15,47373.1,47124.6,0.9237213684572451,2024-04-01 12:13:00
260105,47559.9,47391.05,47642.15,47373.1,47124.6,0.9237213684572451,2024-04-01 12:13:01
260105,47559.3,47391.05,47642.15,47373.1,47124.6,0.9224481481010012,2024-04-01 12:13:02
260105,47557.95,47391.05,47642.15,47373.1,47124.6,0.9195834022994329,2024-04-01 12:13:03
260105,47563.05,47391.05,47642.15,47373.1,47124.6,0.9304057753275452,2024-04-01 12:13:04
260105,47556.8,47391.05,47642.15,47373.1,47124.6,0.9171430632833051,2024-04-01 12:13:06
