date,expiry_date,time,stoploss,strike_price,actual_strike_price,call_start,call_stop,call_stop_time,put_start,put_stop,put_stop_time,net,net_gain,net_loss
02-06-2022,02-06-2022,13:05,0.05,35400,35455.75,143.8,130.15,2022-06-02 13:20:00,93.1,83.5,2022-06-02 13:06:00,-23.25,,-23.25
09-06-2022,09-06-2022,13:05,0.05,34700,34784.9,129.65,112.9,2022-06-09 13:07:00,48.4,44.0,2022-06-09 13:06:00,-21.15,,-21.15
16-06-2022,16-06-2022,13:05,0.05,32900,32986.8,162.35,149.65,2022-06-16 13:06:00,71.7,294.15,2022-06-16 15:20:00,209.75,209.75,
23-06-2022,23-06-2022,13:05,0.05,32800,32874.55,120.9,107.8,2022-06-23 13:06:00,95.4,79.35,2022-06-23 13:31:00,-29.15000000000002,,-29.15000000000002
30-06-2022,30-06-2022,13:05,0.05,33400,33444.25,134.1,114.55,2022-06-30 13:59:00,125.65,111.1,2022-06-30 13:06:00,-34.10000000000001,,-34.10000000000001
07-07-2022,07-07-2022,13:05,0.05,34700,34769.75,128.35,112.0,2022-07-07 13:57:00,65.05,61.05,2022-07-07 13:09:00,-20.349999999999994,,-20.349999999999994
14-07-2022,14-07-2022,13:05,0.05,34700,34706.05,107.75,99.7,2022-07-14 13:08:00,90.35,83.1,2022-07-14 13:06:00,-15.299999999999997,,-15.299999999999997
21-07-2022,21-07-2022,13:05,0.05,36200,36227.4,80.75,76.7,2022-07-21 13:12:00,86.05,79.45,2022-07-21 13:07:00,-10.649999999999991,,-10.649999999999991
28-07-2022,28-07-2022,13:05,0.05,37200,37260.0,129.0,91.9,2022-07-28 14:41:00,46.95,40.15,2022-07-28 13:06:00,-43.9,,-43.9
04-08-2022,04-08-2022,13:05,0.05,37700,37745.4,109.05,94.75,2022-08-04 13:06:00,70.75,64.0,2022-08-04 14:46:00,-21.049999999999997,,-21.049999999999997
11-08-2022,11-08-2022,13:05,0.05,38800,38898.6,128.8,112.5,2022-08-11 13:19:00,40.9,38.85,2022-08-11 13:06:00,-18.35000000000001,,-18.35000000000001
18-08-2022,18-08-2022,13:05,0.05,39400,39423.45,64.4,60.6,2022-08-18 13:06:00,67.25,53.05,2022-08-18 13:07:00,-18.000000000000007,,-18.000000000000007
25-08-2022,25-08-2022,13:05,0.05,39400,39414.05,104.7,95.85,2022-08-25 13:06:00,53.1,49.35,2022-08-25 13:13:00,-12.600000000000009,,-12.600000000000009
01-09-2022,01-09-2022,13:05,0.05,39300,39337.7,164.6,151.15,2022-09-01 13:07:00,121.2,112.65,2022-09-01 13:20:00,-21.999999999999986,,-21.999999999999986
08-09-2022,08-09-2022,13:05,0.05,39900,39998.8,162.75,154.15,2022-09-08 13:06:00,76.1,71.9,2022-09-08 13:10:00,-12.799999999999983,,-12.799999999999983
15-09-2022,15-09-2022,13:05,0.05,41300,41305.2,127.5,118.45,2022-09-15 13:26:00,96.95,71.5,2022-09-15 13:07:00,-34.5,,-34.5
22-09-2022,22-09-2022,13:05,0.05,40500,40538.35,142.4,133.9,2022-09-22 13:08:00,101.85,87.65,2022-09-22 13:11:00,-22.69999999999999,,-22.69999999999999
29-09-2022,29-09-2022,13:05,0.05,37600,37620.85,124.95,113.0,2022-09-29 13:06:00,114.05,104.55,2022-09-29 13:12:00,-21.450000000000003,,-21.450000000000003
06-10-2022,06-10-2022,13:05,0.05,39500,39573.35,148.7,134.05,2022-10-06 13:06:00,66.7,62.65,2022-10-06 13:12:00,-18.69999999999998,,-18.69999999999998
13-10-2022,13-10-2022,13:05,0.05,38600,38670.35,125.9,115.3,2022-10-13 13:07:00,67.45,57.95,2022-10-13 13:12:00,-20.10000000000001,,-20.10000000000001
20-10-2022,20-10-2022,13:05,0.05,40000,40012.9,82.4,75.3,2022-10-20 13:07:00,94.05,85.85,2022-10-20 14:13:00,-15.300000000000011,,-15.300000000000011
27-10-2022,27-10-2022,13:05,0.05,41300,41316.1,90.9,81.65,2022-10-27 13:07:00,80.1,69.15,2022-10-27 13:21:00,-20.19999999999999,,-20.19999999999999
03-11-2022,03-11-2022,13:05,0.05,41200,41244.7,109.8,101.5,2022-11-03 14:19:00,69.0,63.75,2022-11-03 13:08:00,-13.549999999999997,,-13.549999999999997
10-11-2022,10-11-2022,13:05,0.05,41300,41329.65,115.0,105.75,2022-11-10 13:07:00,35.9,32.85,2022-11-10 13:09:00,-12.299999999999997,,-12.299999999999997
17-11-2022,17-11-2022,13:05,0.05,42500,42510.85,71.7,65.4,2022-11-17 13:08:00,47.7,42.75,2022-11-17 13:14:00,-11.25,,-11.25
24-11-2022,24-11-2022,13:05,0.05,42900,42952.95,81.4,73.55,2022-11-24 13:09:00,42.4,36.7,2022-11-24 13:47:00,-13.550000000000004,,-13.550000000000004
01-12-2022,01-12-2022,13:05,0.05,43300,43381.15,152.05,143.05,2022-12-01 13:07:00,16.15,14.15,2022-12-01 13:16:00,-10.999999999999998,,-10.999999999999998
08-12-2022,08-12-2022,13:05,0.05,43300,43382.1,108.95,293.05,2022-12-08 15:20:00,35.3,29.65,2022-12-08 13:09:00,178.45000000000002,178.45000000000002,
15-12-2022,15-12-2022,13:05,0.05,43800,43859.0,109.7,100.75,2022-12-15 13:11:00,35.95,33.45,2022-12-15 13:34:00,-11.450000000000003,,-11.450000000000003
22-12-2022,22-12-2022,13:05,0.05,42300,42317.1,110.4,95.25,2022-12-22 14:47:00,92.95,79.15,2022-12-22 13:08:00,-28.950000000000003,,-28.950000000000003
29-12-2022,29-12-2022,13:05,0.05,42700,42721.85,107.1,95.15,2022-12-29 13:08:00,77.15,69.25,2022-12-29 13:06:00,-19.849999999999994,,-19.849999999999994
05-01-2023,05-01-2023,13:05,0.05,42500,42554.5,162.85,148.9,2023-01-05 13:12:00,66.2,55.75,2023-01-05 13:13:00,-24.39999999999999,,-24.39999999999999
12-01-2023,12-01-2023,13:05,0.05,42000,42020.45,128.75,121.7,2023-01-12 13:09:00,79.3,60.7,2023-01-12 14:16:00,-25.64999999999999,,-25.64999999999999
19-01-2023,19-01-2023,13:05,0.05,42200,42285.85,146.0,117.6,2023-01-19 13:15:00,52.45,48.15,2023-01-19 13:06:00,-32.70000000000001,,-32.70000000000001
25-01-2023,25-01-2023,13:05,0.05,41800,41801.2,99.35,72.35,2023-01-25 13:08:00,82.5,63.3,2023-01-25 13:31:00,-46.2,,-46.2
02-02-2023,02-02-2023,13:05,0.05,40200,40246.15,189.35,179.1,2023-02-02 13:22:00,117.9,92.65,2023-02-02 13:06:00,-35.5,,-35.5
09-02-2023,09-02-2023,13:05,0.05,41300,41344.7,108.3,101.65,2023-02-09 13:08:00,65.2,61.45,2023-02-09 13:19:00,-10.399999999999991,,-10.399999999999991
16-02-2023,16-02-2023,13:05,0.05,41700,41700.9,106.95,91.55,2023-02-16 13:58:00,83.55,66.45,2023-02-16 13:07:00,-32.5,,-32.5
23-02-2023,23-02-2023,13:05,0.05,39900,39929.55,103.35,95.6,2023-02-23 14:42:00,74.15,59.1,2023-02-23 13:06:00,-22.800000000000004,,-22.800000000000004
02-03-2023,02-03-2023,13:05,0.05,40500,40542.35,101.45,93.85,2023-03-02 13:08:00,51.0,43.55,2023-03-02 13:06:00,-15.050000000000011,,-15.050000000000011
09-03-2023,09-03-2023,13:05,0.05,41400,41485.7,111.65,101.75,2023-03-09 13:06:00,33.2,30.2,2023-03-09 13:28:00,-12.90000000000001,,-12.90000000000001
16-03-2023,16-03-2023,13:05,0.05,38900,38983.8,140.65,101.85,2023-03-16 13:06:00,76.75,72.05,2023-03-16 13:14:00,-43.500000000000014,,-43.500000000000014
23-03-2023,23-03-2023,13:05,0.05,40100,40154.3,120.95,110.6,2023-03-23 13:09:00,67.35,61.4,2023-03-23 13:06:00,-16.300000000000004,,-16.300000000000004
29-03-2023,29-03-2023,13:05,0.05,39700,39754.15,143.25,133.55,2023-03-29 13:08:00,53.65,50.1,2023-03-29 13:16:00,-13.249999999999986,,-13.249999999999986
06-04-2023,06-04-2023,13:05,0.05,41100,41128.75,93.65,88.7,2023-04-06 13:07:00,64.95,61.1,2023-04-06 13:08:00,-8.800000000000004,,-8.800000000000004
13-04-2023,13-04-2023,13:05,0.05,41700,41712.85,81.1,75.3,2023-04-13 13:08:00,66.4,61.05,2023-04-13 13:20:00,-11.150000000000006,,-11.150000000000006
20-04-2023,20-04-2023,13:05,0.05,42200,42214.05,98.55,75.95,2023-04-20 13:08:00,80.5,62.8,2023-04-20 13:36:00,-40.3,,-40.3
27-04-2023,27-04-2023,13:05,0.05,42800,42847.65,90.05,71.95,2023-04-27 14:21:00,70.4,51.9,2023-04-27 13:10:00,-36.6,,-36.6
04-05-2023,04-05-2023,13:05,0.05,43400,43445.3,91.45,86.8,2023-05-04 13:09:00,47.35,42.1,2023-05-04 13:16:00,-9.900000000000006,,-9.900000000000006
11-05-2023,11-05-2023,13:05,0.05,43500,43553.3,124.75,117.4,2023-05-11 13:15:00,51.05,48.1,2023-05-11 13:06:00,-10.29999999999999,,-10.29999999999999
18-05-2023,18-05-2023,13:05,0.05,43900,43962.0,98.0,58.8,2023-05-18 13:45:00,71.25,67.65,2023-05-18 13:06:00,-42.8,,-42.8
25-05-2023,25-05-2023,13:05,0.05,43400,43453.95,101.05,95.8,2023-05-25 13:06:00,53.75,44.35,2023-05-25 13:09:00,-14.649999999999999,,-14.649999999999999
01-06-2023,01-06-2023,13:05,0.05,44100,44130.15,107.75,99.75,2023-06-01 13:31:00,62.2,53.7,2023-06-01 13:15:00,-16.5,,-16.5
08-06-2023,08-06-2023,13:05,0.05,44200,44265.35,115.1,100.3,2023-06-08 13:08:00,45.35,41.7,2023-06-08 13:40:00,-18.449999999999996,,-18.449999999999996
15-06-2023,15-06-2023,13:05,0.05,43600,43677.55,147.5,134.7,2023-06-15 13:07:00,47.85,43.85,2023-06-15 13:33:00,-16.80000000000001,,-16.80000000000001
22-06-2023,22-06-2023,13:05,0.05,43700,43750.5,88.2,82.7,2023-06-22 14:29:00,92.85,85.75,2023-06-22 13:06:00,-12.599999999999994,,-12.599999999999994
02-06-2022,02-06-2022,13:05,0.1,35400,35455.75,143.8,216.35,2022-06-02 15:20:00,93.1,83.5,2022-06-02 13:06:00,62.94999999999999,62.94999999999999,
09-06-2022,09-06-2022,13:05,0.1,34700,34784.9,129.65,112.9,2022-06-09 13:07:00,48.4,42.8,2022-06-09 13:10:00,-22.35,,-22.35
16-06-2022,16-06-2022,13:05,0.1,32900,32986.8,162.35,138.85,2022-06-16 13:07:00,71.7,294.15,2022-06-16 15:20:00,198.95,198.95,
23-06-2022,23-06-2022,13:05,0.1,32800,32874.55,120.9,107.8,2022-06-23 13:06:00,95.4,79.35,2022-06-23 13:31:00,-29.15000000000002,,-29.15000000000002
30-06-2022,30-06-2022,13:05,0.1,33400,33444.25,134.1,114.55,2022-06-30 13:59:00,125.65,111.1,2022-06-30 13:06:00,-34.10000000000001,,-34.10000000000001
07-07-2022,07-07-2022,13:05,0.1,34700,34769.75,128.35,112.0,2022-07-07 13:57:00,65.05,54.0,2022-07-07 13:10:00,-27.39999999999999,,-27.39999999999999
14-07-2022,14-07-2022,13:05,0.1,34700,34706.05,107.75,85.45,2022-07-14 13:10:00,90.35,67.45,2022-07-14 13:45:00,-45.19999999999999,,-45.19999999999999
21-07-2022,21-07-2022,13:05,0.1,36200,36227.4,80.75,71.45,2022-07-21 13:20:00,86.05,77.35,2022-07-21 13:09:00,-18.0,,-18.0
28-07-2022,28-07-2022,13:05,0.1,37200,37260.0,129.0,91.9,2022-07-28 14:41:00,46.95,40.15,2022-07-28 13:06:00,-43.9,,-43.9
04-08-2022,04-08-2022,13:05,0.1,37700,37745.4,109.05,94.75,2022-08-04 13:06:00,70.75,49.75,2022-08-04 14:47:00,-35.3,,-35.3
11-08-2022,11-08-2022,13:05,0.1,38800,38898.6,128.8,112.5,2022-08-11 13:19:00,40.9,33.35,2022-08-11 13:13:00,-23.85000000000001,,-23.85000000000001
18-08-2022,18-08-2022,13:05,0.1,39400,39423.45,64.4,57.05,2022-08-18 13:56:00,67.25,53.05,2022-08-18 13:07:00,-21.55000000000001,,-21.55000000000001
25-08-2022,25-08-2022,13:05,0.1,39400,39414.05,104.7,88.85,2022-08-25 13:08:00,53.1,46.05,2022-08-25 13:15:00,-22.900000000000013,,-22.900000000000013
01-09-2022,01-09-2022,13:05,0.1,39300,39337.7,164.6,139.0,2022-09-01 13:08:00,121.2,87.4,2022-09-01 13:21:00,-59.39999999999999,,-59.39999999999999
08-09-2022,08-09-2022,13:05,0.1,39900,39998.8,162.75,312.35,2022-09-08 15:20:00,76.1,66.0,2022-09-08 13:11:00,139.50000000000003,139.50000000000003,
15-09-2022,15-09-2022,13:05,0.1,41300,41305.2,127.5,114.0,2022-09-15 13:27:00,96.95,71.5,2022-09-15 13:07:00,-38.95,,-38.95
22-09-2022,22-09-2022,13:05,0.1,40500,40538.35,142.4,117.0,2022-09-22 15:11:00,101.85,87.65,2022-09-22 13:11:00,-39.599999999999994,,-39.599999999999994
29-09-2022,29-09-2022,13:05,0.1,37600,37620.85,124.95,104.95,2022-09-29 13:07:00,114.05,102.25,2022-09-29 13:15:00,-31.799999999999997,,-31.799999999999997
06-10-2022,06-10-2022,13:05,0.1,39500,39573.35,148.7,132.5,2022-10-06 13:07:00,66.7,59.4,2022-10-06 13:25:00,-23.499999999999993,,-23.499999999999993
13-10-2022,13-10-2022,13:05,0.1,38600,38670.35,125.9,109.7,2022-10-13 13:09:00,67.45,57.95,2022-10-13 13:12:00,-25.700000000000003,,-25.700000000000003
20-10-2022,20-10-2022,13:05,0.1,40000,40012.9,82.4,72.45,2022-10-20 13:08:00,94.05,71.25,2022-10-20 14:14:00,-32.75,,-32.75
27-10-2022,27-10-2022,13:05,0.1,41300,41316.1,90.9,81.65,2022-10-27 13:07:00,80.1,69.15,2022-10-27 13:21:00,-20.19999999999999,,-20.19999999999999
03-11-2022,03-11-2022,13:05,0.1,41200,41244.7,109.8,98.45,2022-11-03 14:23:00,69.0,52.25,2022-11-03 13:09:00,-28.099999999999994,,-28.099999999999994
10-11-2022,10-11-2022,13:05,0.1,41300,41329.65,115.0,302.45,2022-11-10 15:20:00,35.9,29.0,2022-11-10 13:13:00,180.54999999999998,180.54999999999998,
17-11-2022,17-11-2022,13:05,0.1,42500,42510.85,71.7,54.25,2022-11-17 13:15:00,47.7,42.75,2022-11-17 13:14:00,-22.400000000000006,,-22.400000000000006
24-11-2022,24-11-2022,13:05,0.1,42900,42952.95,81.4,60.05,2022-11-24 13:10:00,42.4,36.7,2022-11-24 13:47:00,-27.050000000000004,,-27.050000000000004
01-12-2022,01-12-2022,13:05,0.1,43300,43381.15,152.05,106.65,2022-12-01 13:24:00,16.15,14.15,2022-12-01 13:16:00,-47.400000000000006,,-47.400000000000006
08-12-2022,08-12-2022,13:05,0.1,43300,43382.1,108.95,293.05,2022-12-08 15:20:00,35.3,29.65,2022-12-08 13:09:00,178.45000000000002,178.45000000000002,
15-12-2022,15-12-2022,13:05,0.1,43800,43859.0,109.7,91.35,2022-12-15 13:14:00,35.95,31.8,2022-12-15 13:36:00,-22.50000000000001,,-22.50000000000001
22-12-2022,22-12-2022,13:05,0.1,42300,42317.1,110.4,95.25,2022-12-22 14:47:00,92.95,79.15,2022-12-22 13:08:00,-28.950000000000003,,-28.950000000000003
29-12-2022,29-12-2022,13:05,0.1,42700,42721.85,107.1,95.15,2022-12-29 13:08:00,77.15,69.25,2022-12-29 13:06:00,-19.849999999999994,,-19.849999999999994
05-01-2023,05-01-2023,13:05,0.1,42500,42554.5,162.85,139.75,2023-01-05 13:17:00,66.2,55.75,2023-01-05 13:13:00,-33.55,,-33.55
12-01-2023,12-01-2023,13:05,0.1,42000,42020.45,128.75,96.65,2023-01-12 13:10:00,79.3,60.7,2023-01-12 14:16:00,-50.69999999999999,,-50.69999999999999
19-01-2023,19-01-2023,13:05,0.1,42200,42285.85,146.0,117.6,2023-01-19 13:15:00,52.45,40.9,2023-01-19 13:07:00,-39.95000000000001,,-39.95000000000001
25-01-2023,25-01-2023,13:05,0.1,41800,41801.2,99.35,72.35,2023-01-25 13:08:00,82.5,63.3,2023-01-25 13:31:00,-46.2,,-46.2
02-02-2023,02-02-2023,13:05,0.1,40200,40246.15,189.35,169.65,2023-02-02 13:29:00,117.9,92.65,2023-02-02 13:06:00,-44.94999999999999,,-44.94999999999999
09-02-2023,09-02-2023,13:05,0.1,41300,41344.7,108.3,92.4,2023-02-09 13:14:00,65.2,49.15,2023-02-09 13:30:00,-31.949999999999996,,-31.949999999999996
16-02-2023,16-02-2023,13:05,0.1,41700,41700.9,106.95,91.55,2023-02-16 13:58:00,83.55,66.45,2023-02-16 13:07:00,-32.5,,-32.5
23-02-2023,23-02-2023,13:05,0.1,39900,39929.55,103.35,89.7,2023-02-23 14:43:00,74.15,59.1,2023-02-23 13:06:00,-28.699999999999996,,-28.699999999999996
02-03-2023,02-03-2023,13:05,0.1,40500,40542.35,101.45,83.3,2023-03-02 13:14:00,51.0,43.55,2023-03-02 13:06:00,-25.60000000000001,,-25.60000000000001
09-03-2023,09-03-2023,13:05,0.1,41400,41485.7,111.65,100.15,2023-03-09 13:07:00,33.2,22.25,2023-03-09 13:29:00,-22.450000000000003,,-22.450000000000003
16-03-2023,16-03-2023,13:05,0.1,38900,38983.8,140.65,101.85,2023-03-16 13:06:00,76.75,69.05,2023-03-16 13:20:00,-46.500000000000014,,-46.500000000000014
23-03-2023,23-03-2023,13:05,0.1,40100,40154.3,120.95,104.2,2023-03-23 13:10:00,67.35,60.05,2023-03-23 13:23:00,-24.049999999999997,,-24.049999999999997
29-03-2023,29-03-2023,13:05,0.1,39700,39754.15,143.25,126.55,2023-03-29 14:31:00,53.65,47.25,2023-03-29 13:18:00,-23.1,,-23.1
06-04-2023,06-04-2023,13:05,0.1,41100,41128.75,93.65,82.3,2023-04-06 13:14:00,64.95,57.1,2023-04-06 13:30:00,-19.20000000000001,,-19.20000000000001
13-04-2023,13-04-2023,13:05,0.1,41700,41712.85,81.1,68.35,2023-04-13 13:10:00,66.4,50.55,2023-04-13 13:29:00,-28.60000000000001,,-28.60000000000001
20-04-2023,20-04-2023,13:05,0.1,42200,42214.05,98.55,75.95,2023-04-20 13:08:00,80.5,62.8,2023-04-20 13:36:00,-40.3,,-40.3
27-04-2023,27-04-2023,13:05,0.1,42800,42847.65,90.05,71.95,2023-04-27 14:21:00,70.4,51.9,2023-04-27 13:10:00,-36.6,,-36.6
04-05-2023,04-05-2023,13:05,0.1,43400,43445.3,91.45,296.5,2023-05-04 15:20:00,47.35,42.1,2023-05-04 13:16:00,199.8,199.8,
11-05-2023,11-05-2023,13:05,0.1,43500,43553.3,124.75,112.1,2023-05-11 13:44:00,51.05,40.6,2023-05-11 13:18:00,-23.1,,-23.1
18-05-2023,18-05-2023,13:05,0.1,43900,43962.0,98.0,58.8,2023-05-18 13:45:00,71.25,64.05,2023-05-18 13:07:00,-46.400000000000006,,-46.400000000000006
25-05-2023,25-05-2023,13:05,0.1,43400,43453.95,101.05,86.7,2023-05-25 13:18:00,53.75,44.35,2023-05-25 13:09:00,-23.749999999999993,,-23.749999999999993
01-06-2023,01-06-2023,13:05,0.1,44100,44130.15,107.75,82.5,2023-06-01 13:45:00,62.2,53.7,2023-06-01 13:15:00,-33.75,,-33.75
08-06-2023,08-06-2023,13:05,0.1,44200,44265.35,115.1,100.3,2023-06-08 13:08:00,45.35,27.25,2023-06-08 13:41:00,-32.9,,-32.9
15-06-2023,15-06-2023,13:05,0.1,43600,43677.55,147.5,121.25,2023-06-15 13:11:00,47.85,31.75,2023-06-15 13:46:00,-42.35,,-42.35
22-06-2023,22-06-2023,13:05,0.1,43700,43750.5,88.2,65.2,2023-06-22 14:33:00,92.85,76.85,2023-06-22 13:07:00,-39.0,,-39.0
02-06-2022,02-06-2022,13:05,0.15,35400,35455.75,143.8,216.35,2022-06-02 15:20:00,93.1,74.8,2022-06-02 13:07:00,54.249999999999986,54.249999999999986,
09-06-2022,09-06-2022,13:05,0.15,34700,34784.9,129.65,375.0,2022-06-09 15:20:00,48.4,36.05,2022-06-09 13:16:00,233.0,233.0,
16-06-2022,16-06-2022,13:05,0.15,32900,32986.8,162.35,129.35,2022-06-16 13:08:00,71.7,294.15,2022-06-16 15:20:00,189.45,189.45,
23-06-2022,23-06-2022,13:05,0.15,32800,32874.55,120.9,88.95,2022-06-23 13:07:00,95.4,79.35,2022-06-23 13:31:00,-48.000000000000014,,-48.000000000000014
30-06-2022,30-06-2022,13:05,0.15,33400,33444.25,134.1,106.45,2022-06-30 14:00:00,125.65,100.3,2022-06-30 13:17:00,-53.0,,-53.0
07-07-2022,07-07-2022,13:05,0.15,34700,34769.75,128.35,107.0,2022-07-07 13:59:00,65.05,54.0,2022-07-07 13:10:00,-32.39999999999999,,-32.39999999999999
14-07-2022,14-07-2022,13:05,0.15,34700,34706.05,107.75,85.45,2022-07-14 13:10:00,90.35,67.45,2022-07-14 13:45:00,-45.19999999999999,,-45.19999999999999
21-07-2022,21-07-2022,13:05,0.15,36200,36227.4,80.75,65.55,2022-07-21 13:26:00,86.05,64.4,2022-07-21 13:10:00,-36.849999999999994,,-36.849999999999994
28-07-2022,28-07-2022,13:05,0.15,37200,37260.0,129.0,91.9,2022-07-28 14:41:00,46.95,35.0,2022-07-28 13:07:00,-49.05,,-49.05
04-08-2022,04-08-2022,13:05,0.15,37700,37745.4,109.05,66.4,2022-08-04 13:07:00,70.75,49.75,2022-08-04 14:47:00,-63.64999999999999,,-63.64999999999999
11-08-2022,11-08-2022,13:05,0.15,38800,38898.6,128.8,106.3,2022-08-11 13:21:00,40.9,33.35,2022-08-11 13:13:00,-30.05000000000001,,-30.05000000000001
18-08-2022,18-08-2022,13:05,0.15,39400,39423.45,64.4,246.55,2022-08-18 15:20:00,67.25,53.05,2022-08-18 13:07:00,167.95,167.95,
25-08-2022,25-08-2022,13:05,0.15,39400,39414.05,104.7,88.85,2022-08-25 13:08:00,53.1,40.0,2022-08-25 13:38:00,-28.95000000000001,,-28.95000000000001
01-09-2022,01-09-2022,13:05,0.15,39300,39337.7,164.6,139.0,2022-09-01 13:08:00,121.2,87.4,2022-09-01 13:21:00,-59.39999999999999,,-59.39999999999999
08-09-2022,08-09-2022,13:05,0.15,39900,39998.8,162.75,312.35,2022-09-08 15:20:00,76.1,58.25,2022-09-08 13:15:00,131.75000000000003,131.75000000000003,
15-09-2022,15-09-2022,13:05,0.15,41300,41305.2,127.5,105.15,2022-09-15 13:36:00,96.95,71.5,2022-09-15 13:07:00,-47.8,,-47.8
22-09-2022,22-09-2022,13:05,0.15,40500,40538.35,142.4,117.0,2022-09-22 15:11:00,101.85,83.55,2022-09-22 13:13:00,-43.7,,-43.7
29-09-2022,29-09-2022,13:05,0.15,37600,37620.85,124.95,104.95,2022-09-29 13:07:00,114.05,92.2,2022-09-29 13:16:00,-41.849999999999994,,-41.849999999999994
06-10-2022,06-10-2022,13:05,0.15,39500,39573.35,148.7,109.5,2022-10-06 13:15:00,66.7,56.15,2022-10-06 13:33:00,-49.74999999999999,,-49.74999999999999
13-10-2022,13-10-2022,13:05,0.15,38600,38670.35,125.9,105.85,2022-10-13 13:29:00,67.45,50.7,2022-10-13 13:13:00,-36.80000000000001,,-36.80000000000001
20-10-2022,20-10-2022,13:05,0.15,40000,40012.9,82.4,67.6,2022-10-20 13:09:00,94.05,71.25,2022-10-20 14:14:00,-37.60000000000001,,-37.60000000000001
27-10-2022,27-10-2022,13:05,0.15,41300,41316.1,90.9,75.3,2022-10-27 13:08:00,80.1,64.5,2022-10-27 13:23:00,-31.200000000000003,,-31.200000000000003
03-11-2022,03-11-2022,13:05,0.15,41200,41244.7,109.8,87.8,2022-11-03 14:24:00,69.0,52.25,2022-11-03 13:09:00,-38.75,,-38.75
10-11-2022,10-11-2022,13:05,0.15,41300,41329.65,115.0,302.45,2022-11-10 15:20:00,35.9,29.0,2022-11-10 13:13:00,180.54999999999998,180.54999999999998,
17-11-2022,17-11-2022,13:05,0.15,42500,42510.85,71.7,54.25,2022-11-17 13:15:00,47.7,40.1,2022-11-17 13:19:00,-25.050000000000004,,-25.050000000000004
24-11-2022,24-11-2022,13:05,0.15,42900,42952.95,81.4,60.05,2022-11-24 13:10:00,42.4,34.65,2022-11-24 13:48:00,-29.10000000000001,,-29.10000000000001
01-12-2022,01-12-2022,13:05,0.15,43300,43381.15,152.05,106.65,2022-12-01 13:24:00,16.15,12.1,2022-12-01 14:56:00,-49.45,,-49.45
08-12-2022,08-12-2022,13:05,0.15,43300,43382.1,108.95,293.05,2022-12-08 15:20:00,35.3,29.65,2022-12-08 13:09:00,178.45000000000002,178.45000000000002,
15-12-2022,15-12-2022,13:05,0.15,43800,43859.0,109.7,91.35,2022-12-15 13:14:00,35.95,29.65,2022-12-15 14:12:00,-24.650000000000013,,-24.650000000000013
22-12-2022,22-12-2022,13:05,0.15,42300,42317.1,110.4,93.15,2022-12-22 14:56:00,92.95,68.55,2022-12-22 13:09:00,-41.650000000000006,,-41.650000000000006
29-12-2022,29-12-2022,13:05,0.15,42700,42721.85,107.1,87.55,2022-12-29 13:28:00,77.15,64.35,2022-12-29 13:12:00,-32.35000000000001,,-32.35000000000001
05-01-2023,05-01-2023,13:05,0.15,42500,42554.5,162.85,136.6,2023-01-05 13:18:00,66.2,55.75,2023-01-05 13:13:00,-36.7,,-36.7
12-01-2023,12-01-2023,13:05,0.15,42000,42020.45,128.75,96.65,2023-01-12 13:10:00,79.3,60.7,2023-01-12 14:16:00,-50.69999999999999,,-50.69999999999999
19-01-2023,19-01-2023,13:05,0.15,42200,42285.85,146.0,117.6,2023-01-19 13:15:00,52.45,40.9,2023-01-19 13:07:00,-39.95000000000001,,-39.95000000000001
25-01-2023,25-01-2023,13:05,0.15,41800,41801.2,99.35,72.35,2023-01-25 13:08:00,82.5,63.3,2023-01-25 13:31:00,-46.2,,-46.2
02-02-2023,02-02-2023,13:05,0.15,40200,40246.15,189.35,150.9,2023-02-02 13:31:00,117.9,92.65,2023-02-02 13:06:00,-63.69999999999999,,-63.69999999999999
09-02-2023,09-02-2023,13:05,0.15,41300,41344.7,108.3,87.3,2023-02-09 13:22:00,65.2,49.15,2023-02-09 13:30:00,-37.050000000000004,,-37.050000000000004
16-02-2023,16-02-2023,13:05,0.15,41700,41700.9,106.95,89.55,2023-02-16 14:09:00,83.55,66.45,2023-02-16 13:07:00,-34.5,,-34.5
23-02-2023,23-02-2023,13:05,0.15,39900,39929.55,103.35,82.8,2023-02-23 15:01:00,74.15,59.1,2023-02-23 13:06:00,-35.6,,-35.6
02-03-2023,02-03-2023,13:05,0.15,40500,40542.35,101.45,83.3,2023-03-02 13:14:00,51.0,98.2,2023-03-02 15:20:00,29.049999999999997,29.049999999999997,
09-03-2023,09-03-2023,13:05,0.15,41400,41485.7,111.65,90.1,2023-03-09 13:14:00,33.2,22.25,2023-03-09 13:29:00,-32.500000000000014,,-32.500000000000014
16-03-2023,16-03-2023,13:05,0.15,38900,38983.8,140.65,101.85,2023-03-16 13:06:00,76.75,64.25,2023-03-16 13:24:00,-51.30000000000001,,-51.30000000000001
23-03-2023,23-03-2023,13:05,0.15,40100,40154.3,120.95,89.45,2023-03-23 13:12:00,67.35,51.5,2023-03-23 13:25:00,-47.349999999999994,,-47.349999999999994
29-03-2023,29-03-2023,13:05,0.15,39700,39754.15,143.25,110.5,2023-03-29 14:32:00,53.65,38.2,2023-03-29 13:19:00,-48.199999999999996,,-48.199999999999996
06-04-2023,06-04-2023,13:05,0.15,41100,41128.75,93.65,72.6,2023-04-06 13:19:00,64.95,52.8,2023-04-06 13:31:00,-33.20000000000002,,-33.20000000000002
13-04-2023,13-04-2023,13:05,0.15,41700,41712.85,81.1,68.35,2023-04-13 13:10:00,66.4,50.55,2023-04-13 13:29:00,-28.60000000000001,,-28.60000000000001
20-04-2023,20-04-2023,13:05,0.15,42200,42214.05,98.55,75.95,2023-04-20 13:08:00,80.5,62.8,2023-04-20 13:36:00,-40.3,,-40.3
27-04-2023,27-04-2023,13:05,0.15,42800,42847.65,90.05,71.95,2023-04-27 14:21:00,70.4,51.9,2023-04-27 13:10:00,-36.6,,-36.6
04-05-2023,04-05-2023,13:05,0.15,43400,43445.3,91.45,296.5,2023-05-04 15:20:00,47.35,33.0,2023-05-04 13:28:00,190.70000000000002,190.70000000000002,
11-05-2023,11-05-2023,13:05,0.15,43500,43553.3,124.75,94.2,2023-05-11 13:45:00,51.05,40.6,2023-05-11 13:18:00,-40.99999999999999,,-40.99999999999999
18-05-2023,18-05-2023,13:05,0.15,43900,43962.0,98.0,58.8,2023-05-18 13:45:00,71.25,59.25,2023-05-18 13:08:00,-51.2,,-51.2
25-05-2023,25-05-2023,13:05,0.15,43400,43453.95,101.05,76.3,2023-05-25 13:30:00,53.75,44.35,2023-05-25 13:09:00,-34.15,,-34.15
01-06-2023,01-06-2023,13:05,0.15,44100,44130.15,107.75,82.5,2023-06-01 13:45:00,62.2,50.95,2023-06-01 13:40:00,-36.5,,-36.5
08-06-2023,08-06-2023,13:05,0.15,44200,44265.35,115.1,96.3,2023-06-08 13:24:00,45.35,27.25,2023-06-08 13:41:00,-36.9,,-36.9
15-06-2023,15-06-2023,13:05,0.15,43600,43677.55,147.5,121.25,2023-06-15 13:11:00,47.85,31.75,2023-06-15 13:46:00,-42.35,,-42.35
22-06-2023,22-06-2023,13:05,0.15,43700,43750.5,88.2,65.2,2023-06-22 14:33:00,92.85,76.85,2023-06-22 13:07:00,-39.0,,-39.0
02-06-2022,02-06-2022,13:05,0.2,35400,35455.75,143.8,216.35,2022-06-02 15:20:00,93.1,72.0,2022-06-02 13:08:00,51.44999999999999,51.44999999999999,
09-06-2022,09-06-2022,13:05,0.2,34700,34784.9,129.65,375.0,2022-06-09 15:20:00,48.4,36.05,2022-06-09 13:16:00,233.0,233.0,
16-06-2022,16-06-2022,13:05,0.2,32900,32986.8,162.35,129.35,2022-06-16 13:08:00,71.7,294.15,2022-06-16 15:20:00,189.45,189.45,
23-06-2022,23-06-2022,13:05,0.2,32800,32874.55,120.9,88.95,2022-06-23 13:07:00,95.4,55.75,2022-06-23 13:32:00,-71.60000000000001,,-71.60000000000001
30-06-2022,30-06-2022,13:05,0.2,33400,33444.25,134.1,106.45,2022-06-30 14:00:00,125.65,100.3,2022-06-30 13:17:00,-53.0,,-53.0
07-07-2022,07-07-2022,13:05,0.2,34700,34769.75,128.35,95.4,2022-07-07 14:01:00,65.05,50.55,2022-07-07 13:15:00,-47.44999999999999,,-47.44999999999999
14-07-2022,14-07-2022,13:05,0.2,34700,34706.05,107.75,85.45,2022-07-14 13:10:00,90.35,67.45,2022-07-14 13:45:00,-45.19999999999999,,-45.19999999999999
21-07-2022,21-07-2022,13:05,0.2,36200,36227.4,80.75,53.6,2022-07-21 13:28:00,86.05,64.4,2022-07-21 13:10:00,-48.79999999999999,,-48.79999999999999
28-07-2022,28-07-2022,13:05,0.2,37200,37260.0,129.0,91.9,2022-07-28 14:41:00,46.95,35.0,2022-07-28 13:07:00,-49.05,,-49.05
04-08-2022,04-08-2022,13:05,0.2,37700,37745.4,109.05,66.4,2022-08-04 13:07:00,70.75,49.75,2022-08-04 14:47:00,-63.64999999999999,,-63.64999999999999
11-08-2022,11-08-2022,13:05,0.2,38800,38898.6,128.8,95.0,2022-08-11 13:23:00,40.9,30.95,2022-08-11 13:45:00,-43.750000000000014,,-43.750000000000014
18-08-2022,18-08-2022,13:05,0.2,39400,39423.45,64.4,246.55,2022-08-18 15:20:00,67.25,53.05,2022-08-18 13:07:00,167.95,167.95,
25-08-2022,25-08-2022,13:05,0.2,39400,39414.05,104.7,73.3,2022-08-25 13:09:00,53.1,40.0,2022-08-25 13:38:00,-44.50000000000001,,-44.50000000000001
01-09-2022,01-09-2022,13:05,0.2,39300,39337.7,164.6,117.2,2022-09-01 13:10:00,121.2,87.4,2022-09-01 13:21:00,-81.19999999999999,,-81.19999999999999
08-09-2022,08-09-2022,13:05,0.2,39900,39998.8,162.75,312.35,2022-09-08 15:20:00,76.1,58.25,2022-09-08 13:15:00,131.75000000000003,131.75000000000003,
15-09-2022,15-09-2022,13:05,0.2,41300,41305.2,127.5,94.9,2022-09-15 13:37:00,96.95,71.5,2022-09-15 13:07:00,-58.05,,-58.05
22-09-2022,22-09-2022,13:05,0.2,40500,40538.35,142.4,113.05,2022-09-22 15:12:00,101.85,80.75,2022-09-22 13:15:00,-50.45,,-50.45
29-09-2022,29-09-2022,13:05,0.2,37600,37620.85,124.95,96.65,2022-09-29 13:08:00,114.05,85.2,2022-09-29 13:35:00,-57.14999999999999,,-57.14999999999999
06-10-2022,06-10-2022,13:05,0.2,39500,39573.35,148.7,109.5,2022-10-06 13:15:00,66.7,52.0,2022-10-06 13:36:00,-53.89999999999999,,-53.89999999999999
13-10-2022,13-10-2022,13:05,0.2,38600,38670.35,125.9,77.7,2022-10-13 13:32:00,67.45,50.7,2022-10-13 13:13:00,-64.95,,-64.95
20-10-2022,20-10-2022,13:05,0.2,40000,40012.9,82.4,65.05,2022-10-20 13:16:00,94.05,71.25,2022-10-20 14:14:00,-40.150000000000006,,-40.150000000000006
27-10-2022,27-10-2022,13:05,0.2,41300,41316.1,90.9,66.9,2022-10-27 13:12:00,80.1,54.45,2022-10-27 13:24:00,-49.64999999999999,,-49.64999999999999
03-11-2022,03-11-2022,13:05,0.2,41200,41244.7,109.8,87.8,2022-11-03 14:24:00,69.0,52.25,2022-11-03 13:09:00,-38.75,,-38.75
10-11-2022,10-11-2022,13:05,0.2,41300,41329.65,115.0,302.45,2022-11-10 15:20:00,35.9,24.75,2022-11-10 13:18:00,176.29999999999998,176.29999999999998,
17-11-2022,17-11-2022,13:05,0.2,42500,42510.85,71.7,54.25,2022-11-17 13:15:00,47.7,36.8,2022-11-17 13:21:00,-28.35000000000001,,-28.35000000000001
24-11-2022,24-11-2022,13:05,0.2,42900,42952.95,81.4,60.05,2022-11-24 13:10:00,42.4,33.5,2022-11-24 13:51:00,-30.250000000000007,,-30.250000000000007
01-12-2022,01-12-2022,13:05,0.2,43300,43381.15,152.05,106.65,2022-12-01 13:24:00,16.15,12.1,2022-12-01 14:56:00,-49.45,,-49.45
08-12-2022,08-12-2022,13:05,0.2,43300,43382.1,108.95,293.05,2022-12-08 15:20:00,35.3,26.9,2022-12-08 13:10:00,175.70000000000002,175.70000000000002,
15-12-2022,15-12-2022,13:05,0.2,43800,43859.0,109.7,85.8,2022-12-15 13:21:00,35.95,23.65,2022-12-15 14:13:00,-36.20000000000001,,-36.20000000000001
22-12-2022,22-12-2022,13:05,0.2,42300,42317.1,110.4,88.05,2022-12-22 14:57:00,92.95,68.55,2022-12-22 13:09:00,-46.750000000000014,,-46.750000000000014
29-12-2022,29-12-2022,13:05,0.2,42700,42721.85,107.1,556.1,2022-12-29 15:20:00,77.15,55.85,2022-12-29 13:14:00,427.7,427.7,
05-01-2023,05-01-2023,13:05,0.2,42500,42554.5,162.85,102.45,2023-01-05 13:19:00,66.2,42.8,2023-01-05 14:29:00,-83.8,,-83.8
12-01-2023,12-01-2023,13:05,0.2,42000,42020.45,128.75,96.65,2023-01-12 13:10:00,79.3,60.7,2023-01-12 14:16:00,-50.69999999999999,,-50.69999999999999
19-01-2023,19-01-2023,13:05,0.2,42200,42285.85,146.0,110.55,2023-01-19 14:22:00,52.45,40.9,2023-01-19 13:07:00,-47.00000000000001,,-47.00000000000001
25-01-2023,25-01-2023,13:05,0.2,41800,41801.2,99.35,72.35,2023-01-25 13:08:00,82.5,63.3,2023-01-25 13:31:00,-46.2,,-46.2
02-02-2023,02-02-2023,13:05,0.2,40200,40246.15,189.35,150.9,2023-02-02 13:31:00,117.9,92.65,2023-02-02 13:06:00,-63.69999999999999,,-63.69999999999999
09-02-2023,09-02-2023,13:05,0.2,41300,41344.7,108.3,84.15,2023-02-09 13:24:00,65.2,49.15,2023-02-09 13:30:00,-40.199999999999996,,-40.199999999999996
16-02-2023,16-02-2023,13:05,0.2,41700,41700.9,106.95,85.35,2023-02-16 14:25:00,83.55,66.45,2023-02-16 13:07:00,-38.7,,-38.7
23-02-2023,23-02-2023,13:05,0.2,39900,39929.55,103.35,69.05,2023-02-23 15:02:00,74.15,59.1,2023-02-23 13:06:00,-49.35,,-49.35
02-03-2023,02-03-2023,13:05,0.2,40500,40542.35,101.45,79.3,2023-03-02 13:26:00,51.0,98.2,2023-03-02 15:20:00,25.049999999999997,25.049999999999997,
09-03-2023,09-03-2023,13:05,0.2,41400,41485.7,111.65,89.3,2023-03-09 13:37:00,33.2,22.25,2023-03-09 13:29:00,-33.30000000000001,,-33.30000000000001
16-03-2023,16-03-2023,13:05,0.2,38900,38983.8,140.65,101.85,2023-03-16 13:06:00,76.75,56.15,2023-03-16 13:25:00,-59.40000000000001,,-59.40000000000001
23-03-2023,23-03-2023,13:05,0.2,40100,40154.3,120.95,89.45,2023-03-23 13:12:00,67.35,51.5,2023-03-23 13:25:00,-47.349999999999994,,-47.349999999999994
29-03-2023,29-03-2023,13:05,0.2,39700,39754.15,143.25,110.5,2023-03-29 14:32:00,53.65,38.2,2023-03-29 13:19:00,-48.199999999999996,,-48.199999999999996
06-04-2023,06-04-2023,13:05,0.2,41100,41128.75,93.65,72.6,2023-04-06 13:19:00,64.95,46.05,2023-04-06 14:51:00,-39.95000000000002,,-39.95000000000002
13-04-2023,13-04-2023,13:05,0.2,41700,41712.85,81.1,61.3,2023-04-13 13:13:00,66.4,50.55,2023-04-13 13:29:00,-35.650000000000006,,-35.650000000000006
20-04-2023,20-04-2023,13:05,0.2,42200,42214.05,98.55,75.95,2023-04-20 13:08:00,80.5,62.8,2023-04-20 13:36:00,-40.3,,-40.3
27-04-2023,27-04-2023,13:05,0.2,42800,42847.65,90.05,71.95,2023-04-27 14:21:00,70.4,51.9,2023-04-27 13:10:00,-36.6,,-36.6
04-05-2023,04-05-2023,13:05,0.2,43400,43445.3,91.45,296.5,2023-05-04 15:20:00,47.35,33.0,2023-05-04 13:28:00,190.70000000000002,190.70000000000002,
11-05-2023,11-05-2023,13:05,0.2,43500,43553.3,124.75,94.2,2023-05-11 13:45:00,51.05,40.6,2023-05-11 13:18:00,-40.99999999999999,,-40.99999999999999
18-05-2023,18-05-2023,13:05,0.2,43900,43962.0,98.0,58.8,2023-05-18 13:45:00,71.25,55.05,2023-05-18 13:18:00,-55.400000000000006,,-55.400000000000006
25-05-2023,25-05-2023,13:05,0.2,43400,43453.95,101.05,76.3,2023-05-25 13:30:00,53.75,41.25,2023-05-25 13:11:00,-37.25,,-37.25
01-06-2023,01-06-2023,13:05,0.2,44100,44130.15,107.75,82.5,2023-06-01 13:45:00,62.2,324.6,2023-06-01 15:20:00,237.15000000000003,237.15000000000003,
08-06-2023,08-06-2023,13:05,0.2,44200,44265.35,115.1,90.85,2023-06-08 13:35:00,45.35,27.25,2023-06-08 13:41:00,-42.35,,-42.35
15-06-2023,15-06-2023,13:05,0.2,43600,43677.55,147.5,116.35,2023-06-15 13:12:00,47.85,31.75,2023-06-15 13:46:00,-47.25000000000001,,-47.25000000000001
22-06-2023,22-06-2023,13:05,0.2,43700,43750.5,88.2,65.2,2023-06-22 14:33:00,92.85,72.5,2023-06-22 13:09:00,-43.349999999999994,,-43.349999999999994
02-06-2022,02-06-2022,13:05,0.25,35400,35455.75,143.8,216.35,2022-06-02 15:20:00,93.1,62.05,2022-06-02 13:14:00,41.499999999999986,41.499999999999986,
09-06-2022,09-06-2022,13:05,0.25,34700,34784.9,129.65,375.0,2022-06-09 15:20:00,48.4,36.05,2022-06-09 13:16:00,233.0,233.0,
16-06-2022,16-06-2022,13:05,0.25,32900,32986.8,162.35,115.0,2022-06-16 13:12:00,71.7,294.15,2022-06-16 15:20:00,175.1,175.1,
23-06-2022,23-06-2022,13:05,0.25,32800,32874.55,120.9,88.95,2022-06-23 13:07:00,95.4,55.75,2022-06-23 13:32:00,-71.60000000000001,,-71.60000000000001
30-06-2022,30-06-2022,13:05,0.25,33400,33444.25,134.1,94.45,2022-06-30 14:33:00,125.65,85.1,2022-06-30 13:32:00,-80.2,,-80.2
07-07-2022,07-07-2022,13:05,0.25,34700,34769.75,128.35,95.4,2022-07-07 14:01:00,65.05,48.0,2022-07-07 13:17:00,-49.999999999999986,,-49.999999999999986
14-07-2022,14-07-2022,13:05,0.25,34700,34706.05,107.75,78.75,2022-07-14 13:19:00,90.35,67.45,2022-07-14 13:45:00,-51.89999999999999,,-51.89999999999999
21-07-2022,21-07-2022,13:05,0.25,36200,36227.4,80.75,53.6,2022-07-21 13:28:00,86.05,64.4,2022-07-21 13:10:00,-48.79999999999999,,-48.79999999999999
28-07-2022,28-07-2022,13:05,0.25,37200,37260.0,129.0,91.9,2022-07-28 14:41:00,46.95,35.0,2022-07-28 13:07:00,-49.05,,-49.05
04-08-2022,04-08-2022,13:05,0.25,37700,37745.4,109.05,66.4,2022-08-04 13:07:00,70.75,49.75,2022-08-04 14:47:00,-63.64999999999999,,-63.64999999999999
11-08-2022,11-08-2022,13:05,0.25,38800,38898.6,128.8,95.0,2022-08-11 13:23:00,40.9,30.35,2022-08-11 13:46:00,-44.35000000000001,,-44.35000000000001
18-08-2022,18-08-2022,13:05,0.25,39400,39423.45,64.4,246.55,2022-08-18 15:20:00,67.25,48.3,2022-08-18 13:08:00,163.2,163.2,
25-08-2022,25-08-2022,13:05,0.25,39400,39414.05,104.7,73.3,2022-08-25 13:09:00,53.1,38.8,2022-08-25 14:02:00,-45.70000000000001,,-45.70000000000001
01-09-2022,01-09-2022,13:05,0.25,39300,39337.7,164.6,117.2,2022-09-01 13:10:00,121.2,87.4,2022-09-01 13:21:00,-81.19999999999999,,-81.19999999999999
08-09-2022,08-09-2022,13:05,0.25,39900,39998.8,162.75,312.35,2022-09-08 15:20:00,76.1,57.05,2022-09-08 13:17:00,130.55,130.55,
15-09-2022,15-09-2022,13:05,0.25,41300,41305.2,127.5,94.9,2022-09-15 13:37:00,96.95,71.5,2022-09-15 13:07:00,-58.05,,-58.05
22-09-2022,22-09-2022,13:05,0.25,40500,40538.35,142.4,128.85,2022-09-22 15:20:00,101.85,57.1,2022-09-22 13:16:00,-58.300000000000004,,-58.300000000000004
29-09-2022,29-09-2022,13:05,0.25,37600,37620.85,124.95,86.9,2022-09-29 13:30:00,114.05,85.2,2022-09-29 13:35:00,-66.89999999999999,,-66.89999999999999
06-10-2022,06-10-2022,13:05,0.25,39500,39573.35,148.7,109.5,2022-10-06 13:15:00,66.7,49.6,2022-10-06 13:37:00,-56.29999999999999,,-56.29999999999999
13-10-2022,13-10-2022,13:05,0.25,38600,38670.35,125.9,77.7,2022-10-13 13:32:00,67.45,50.4,2022-10-13 13:26:00,-65.25,,-65.25
20-10-2022,20-10-2022,13:05,0.25,40000,40012.9,82.4,60.45,2022-10-20 13:17:00,94.05,60.95,2022-10-20 14:15:00,-55.05,,-55.05
27-10-2022,27-10-2022,13:05,0.25,41300,41316.1,90.9,66.9,2022-10-27 13:12:00,80.1,54.45,2022-10-27 13:24:00,-49.64999999999999,,-49.64999999999999
03-11-2022,03-11-2022,13:05,0.25,41200,41244.7,109.8,99.8,2022-11-03 15:20:00,69.0,50.15,2022-11-03 13:10:00,-28.85,,-28.85
10-11-2022,10-11-2022,13:05,0.25,41300,41329.65,115.0,302.45,2022-11-10 15:20:00,35.9,24.75,2022-11-10 13:18:00,176.29999999999998,176.29999999999998,
17-11-2022,17-11-2022,13:05,0.25,42500,42510.85,71.7,53.15,2022-11-17 13:55:00,47.7,34.6,2022-11-17 13:22:00,-31.650000000000006,,-31.650000000000006
24-11-2022,24-11-2022,13:05,0.25,42900,42952.95,81.4,60.05,2022-11-24 13:10:00,42.4,26.5,2022-11-24 14:04:00,-37.25000000000001,,-37.25000000000001
01-12-2022,01-12-2022,13:05,0.25,43300,43381.15,152.05,106.65,2022-12-01 13:24:00,16.15,12.1,2022-12-01 14:56:00,-49.45,,-49.45
08-12-2022,08-12-2022,13:05,0.25,43300,43382.1,108.95,293.05,2022-12-08 15:20:00,35.3,24.05,2022-12-08 13:12:00,172.85000000000002,172.85000000000002,
15-12-2022,15-12-2022,13:05,0.25,43800,43859.0,109.7,81.65,2022-12-15 13:52:00,35.95,23.65,2022-12-15 14:13:00,-40.35,,-40.35
22-12-2022,22-12-2022,13:05,0.25,42300,42317.1,110.4,115.5,2022-12-22 15:20:00,92.95,68.55,2022-12-22 13:09:00,-19.30000000000001,,-19.30000000000001
29-12-2022,29-12-2022,13:05,0.25,42700,42721.85,107.1,556.1,2022-12-29 15:20:00,77.15,55.85,2022-12-29 13:14:00,427.7,427.7,
05-01-2023,05-01-2023,13:05,0.25,42500,42554.5,162.85,102.45,2023-01-05 13:19:00,66.2,42.8,2023-01-05 14:29:00,-83.8,,-83.8
12-01-2023,12-01-2023,13:05,0.25,42000,42020.45,128.75,69.7,2023-01-12 13:11:00,79.3,53.1,2023-01-12 14:17:00,-85.25,,-85.25
19-01-2023,19-01-2023,13:05,0.25,42200,42285.85,146.0,106.15,2023-01-19 14:23:00,52.45,35.5,2023-01-19 13:08:00,-56.8,,-56.8
25-01-2023,25-01-2023,13:05,0.25,41800,41801.2,99.35,72.35,2023-01-25 13:08:00,82.5,60.65,2023-01-25 13:32:00,-48.85,,-48.85
02-02-2023,02-02-2023,13:05,0.25,40200,40246.15,189.35,129.3,2023-02-02 13:36:00,117.9,87.8,2023-02-02 13:25:00,-90.14999999999999,,-90.14999999999999
09-02-2023,09-02-2023,13:05,0.25,41300,41344.7,108.3,249.2,2023-02-09 15:20:00,65.2,41.55,2023-02-09 13:31:00,117.24999999999997,117.24999999999997,
16-02-2023,16-02-2023,13:05,0.25,41700,41700.9,106.95,67.55,2023-02-16 14:26:00,83.55,53.95,2023-02-16 13:08:00,-69.0,,-69.0
23-02-2023,23-02-2023,13:05,0.25,39900,39929.55,103.35,69.05,2023-02-23 15:02:00,74.15,41.15,2023-02-23 13:07:00,-67.30000000000001,,-67.30000000000001
02-03-2023,02-03-2023,13:05,0.25,40500,40542.35,101.45,75.25,2023-03-02 13:31:00,51.0,98.2,2023-03-02 15:20:00,21.0,21.0,
09-03-2023,09-03-2023,13:05,0.25,41400,41485.7,111.65,73.35,2023-03-09 13:38:00,33.2,22.25,2023-03-09 13:29:00,-49.250000000000014,,-49.250000000000014
16-03-2023,16-03-2023,13:05,0.25,38900,38983.8,140.65,101.85,2023-03-16 13:06:00,76.75,56.15,2023-03-16 13:25:00,-59.40000000000001,,-59.40000000000001
23-03-2023,23-03-2023,13:05,0.25,40100,40154.3,120.95,89.45,2023-03-23 13:12:00,67.35,49.4,2023-03-23 13:31:00,-49.449999999999996,,-49.449999999999996
29-03-2023,29-03-2023,13:05,0.25,39700,39754.15,143.25,89.1,2023-03-29 14:33:00,53.65,38.2,2023-03-29 13:19:00,-69.6,,-69.6
06-04-2023,06-04-2023,13:05,0.25,41100,41128.75,93.65,59.6,2023-04-06 13:38:00,64.95,46.05,2023-04-06 14:51:00,-52.95000000000001,,-52.95000000000001
13-04-2023,13-04-2023,13:05,0.25,41700,41712.85,81.1,436.7,2023-04-13 15:20:00,66.4,39.5,2023-04-13 13:30:00,328.70000000000005,328.70000000000005,
20-04-2023,20-04-2023,13:05,0.25,42200,42214.05,98.55,69.6,2023-04-20 13:09:00,80.5,58.45,2023-04-20 14:20:00,-51.0,,-51.0
27-04-2023,27-04-2023,13:05,0.25,42800,42847.65,90.05,66.6,2023-04-27 14:22:00,70.4,51.9,2023-04-27 13:10:00,-41.95000000000001,,-41.95000000000001
04-05-2023,04-05-2023,13:05,0.25,43400,43445.3,91.45,296.5,2023-05-04 15:20:00,47.35,33.0,2023-05-04 13:28:00,190.70000000000002,190.70000000000002,
11-05-2023,11-05-2023,13:05,0.25,43500,43553.3,124.75,91.15,2023-05-11 14:28:00,51.05,37.75,2023-05-11 13:47:00,-46.89999999999999,,-46.89999999999999
18-05-2023,18-05-2023,13:05,0.25,43900,43962.0,98.0,58.8,2023-05-18 13:45:00,71.25,51.05,2023-05-18 13:20:00,-59.400000000000006,,-59.400000000000006
25-05-2023,25-05-2023,13:05,0.25,43400,43453.95,101.05,71.3,2023-05-25 13:33:00,53.75,39.8,2023-05-25 13:12:00,-43.7,,-43.7
01-06-2023,01-06-2023,13:05,0.25,44100,44130.15,107.75,71.75,2023-06-01 13:47:00,62.2,324.6,2023-06-01 15:20:00,226.40000000000003,226.40000000000003,
08-06-2023,08-06-2023,13:05,0.25,44200,44265.35,115.1,71.2,2023-06-08 14:10:00,45.35,27.25,2023-06-08 13:41:00,-61.99999999999999,,-61.99999999999999
15-06-2023,15-06-2023,13:05,0.25,43600,43677.55,147.5,99.4,2023-06-15 14:02:00,47.85,31.75,2023-06-15 13:46:00,-64.19999999999999,,-64.19999999999999
22-06-2023,22-06-2023,13:05,0.25,43700,43750.5,88.2,65.2,2023-06-22 14:33:00,92.85,61.0,2023-06-22 13:12:00,-54.849999999999994,,-54.849999999999994
02-06-2022,02-06-2022,13:05,0.3,35400,35455.75,143.8,216.35,2022-06-02 15:20:00,93.1,62.05,2022-06-02 13:14:00,41.499999999999986,41.499999999999986,
09-06-2022,09-06-2022,13:05,0.3,34700,34784.9,129.65,375.0,2022-06-09 15:20:00,48.4,33.25,2022-06-09 13:21:00,230.2,230.2,
16-06-2022,16-06-2022,13:05,0.3,32900,32986.8,162.35,111.85,2022-06-16 13:18:00,71.7,294.15,2022-06-16 15:20:00,171.95,171.95,
23-06-2022,23-06-2022,13:05,0.3,32800,32874.55,120.9,62.25,2022-06-23 13:08:00,95.4,55.75,2022-06-23 13:32:00,-98.30000000000001,,-98.30000000000001
30-06-2022,30-06-2022,13:05,0.3,33400,33444.25,134.1,92.9,2022-06-30 14:37:00,125.65,85.1,2022-06-30 13:32:00,-81.75,,-81.75
07-07-2022,07-07-2022,13:05,0.3,34700,34769.75,128.35,85.9,2022-07-07 14:02:00,65.05,41.45,2022-07-07 13:18:00,-66.04999999999998,,-66.04999999999998
14-07-2022,14-07-2022,13:05,0.3,34700,34706.05,107.75,69.5,2022-07-14 13:21:00,90.35,50.0,2022-07-14 15:09:00,-78.6,,-78.6
21-07-2022,21-07-2022,13:05,0.3,36200,36227.4,80.75,53.6,2022-07-21 13:28:00,86.05,46.9,2022-07-21 14:29:00,-66.3,,-66.3
28-07-2022,28-07-2022,13:05,0.3,37200,37260.0,129.0,176.3,2022-07-28 15:20:00,46.95,32.75,2022-07-28 13:10:00,33.10000000000001,33.10000000000001,
04-08-2022,04-08-2022,13:05,0.3,37700,37745.4,109.05,66.4,2022-08-04 13:07:00,70.75,47.35,2022-08-04 14:48:00,-66.04999999999998,,-66.04999999999998
11-08-2022,11-08-2022,13:05,0.3,38800,38898.6,128.8,84.25,2022-08-11 13:30:00,40.9,25.8,2022-08-11 13:47:00,-59.650000000000006,,-59.650000000000006
18-08-2022,18-08-2022,13:05,0.3,39400,39423.45,64.4,246.55,2022-08-18 15:20:00,67.25,39.6,2022-08-18 13:09:00,154.5,154.5,
25-08-2022,25-08-2022,13:05,0.3,39400,39414.05,104.7,72.4,2022-08-25 14:06:00,53.1,461.5,2022-08-25 15:20:00,376.09999999999997,376.09999999999997,
01-09-2022,01-09-2022,13:05,0.3,39300,39337.7,164.6,112.9,2022-09-01 13:12:00,121.2,84.4,2022-09-01 14:33:00,-88.49999999999999,,-88.49999999999999
08-09-2022,08-09-2022,13:05,0.3,39900,39998.8,162.75,312.35,2022-09-08 15:20:00,76.1,50.75,2022-09-08 13:19:00,124.25000000000003,124.25000000000003,
15-09-2022,15-09-2022,13:05,0.3,41300,41305.2,127.5,85.35,2022-09-15 13:38:00,96.95,59.85,2022-09-15 13:08:00,-79.25,,-79.25
22-09-2022,22-09-2022,13:05,0.3,40500,40538.35,142.4,128.85,2022-09-22 15:20:00,101.85,57.1,2022-09-22 13:16:00,-58.300000000000004,,-58.300000000000004
29-09-2022,29-09-2022,13:05,0.3,37600,37620.85,124.95,86.9,2022-09-29 13:30:00,114.05,74.5,2022-09-29 13:37:00,-77.6,,-77.6
06-10-2022,06-10-2022,13:05,0.3,39500,39573.35,148.7,102.35,2022-10-06 13:16:00,66.7,222.0,2022-10-06 15:20:00,108.95000000000002,108.95000000000002,
13-10-2022,13-10-2022,13:05,0.3,38600,38670.35,125.9,77.7,2022-10-13 13:32:00,67.45,45.25,2022-10-13 14:00:00,-70.4,,-70.4
20-10-2022,20-10-2022,13:05,0.3,40000,40012.9,82.4,54.35,2022-10-20 13:19:00,94.05,60.95,2022-10-20 14:15:00,-61.15,,-61.15
27-10-2022,27-10-2022,13:05,0.3,41300,41316.1,90.9,58.7,2022-10-27 13:53:00,80.1,54.45,2022-10-27 13:24:00,-57.849999999999994,,-57.849999999999994
03-11-2022,03-11-2022,13:05,0.3,41200,41244.7,109.8,99.8,2022-11-03 15:20:00,69.0,35.55,2022-11-03 13:11:00,-43.45,,-43.45
10-11-2022,10-11-2022,13:05,0.3,41300,41329.65,115.0,302.45,2022-11-10 15:20:00,35.9,24.75,2022-11-10 13:18:00,176.29999999999998,176.29999999999998,
17-11-2022,17-11-2022,13:05,0.3,42500,42510.85,71.7,48.15,2022-11-17 14:05:00,47.7,31.75,2022-11-17 13:35:00,-39.50000000000001,,-39.50000000000001
24-11-2022,24-11-2022,13:05,0.3,42900,42952.95,81.4,55.65,2022-11-24 13:19:00,42.4,26.5,2022-11-24 14:04:00,-41.650000000000006,,-41.650000000000006
01-12-2022,01-12-2022,13:05,0.3,43300,43381.15,152.05,86.1,2022-12-01 13:25:00,16.15,11.15,2022-12-01 14:58:00,-70.95000000000002,,-70.95000000000002
08-12-2022,08-12-2022,13:05,0.3,43300,43382.1,108.95,293.05,2022-12-08 15:20:00,35.3,24.05,2022-12-08 13:12:00,172.85000000000002,172.85000000000002,
15-12-2022,15-12-2022,13:05,0.3,43800,43859.0,109.7,75.9,2022-12-15 13:56:00,35.95,23.65,2022-12-15 14:13:00,-46.1,,-46.1
22-12-2022,22-12-2022,13:05,0.3,42300,42317.1,110.4,115.5,2022-12-22 15:20:00,92.95,61.55,2022-12-22 13:10:00,-26.30000000000001,,-26.30000000000001
29-12-2022,29-12-2022,13:05,0.3,42700,42721.85,107.1,556.1,2022-12-29 15:20:00,77.15,52.4,2022-12-29 13:36:00,424.25,424.25,
05-01-2023,05-01-2023,13:05,0.3,42500,42554.5,162.85,102.45,2023-01-05 13:19:00,66.2,42.8,2023-01-05 14:29:00,-83.8,,-83.8
12-01-2023,12-01-2023,13:05,0.3,42000,42020.45,128.75,69.7,2023-01-12 13:11:00,79.3,53.1,2023-01-12 14:17:00,-85.25,,-85.25
19-01-2023,19-01-2023,13:05,0.3,42200,42285.85,146.0,91.4,2023-01-19 14:24:00,52.45,35.5,2023-01-19 13:08:00,-71.55,,-71.55
25-01-2023,25-01-2023,13:05,0.3,41800,41801.2,99.35,60.65,2023-01-25 13:16:00,82.5,53.5,2023-01-25 13:45:00,-67.69999999999999,,-67.69999999999999
02-02-2023,02-02-2023,13:05,0.3,40200,40246.15,189.35,129.3,2023-02-02 13:36:00,117.9,75.5,2023-02-02 13:27:00,-102.44999999999999,,-102.44999999999999
09-02-2023,09-02-2023,13:05,0.3,41300,41344.7,108.3,249.2,2023-02-09 15:20:00,65.2,41.55,2023-02-09 13:31:00,117.24999999999997,117.24999999999997,
16-02-2023,16-02-2023,13:05,0.3,41700,41700.9,106.95,67.55,2023-02-16 14:26:00,83.55,53.95,2023-02-16 13:08:00,-69.0,,-69.0
23-02-2023,23-02-2023,13:05,0.3,39900,39929.55,103.35,69.05,2023-02-23 15:02:00,74.15,41.15,2023-02-23 13:07:00,-67.30000000000001,,-67.30000000000001
02-03-2023,02-03-2023,13:05,0.3,40500,40542.35,101.45,70.65,2023-03-02 13:32:00,51.0,98.2,2023-03-02 15:20:00,16.400000000000006,16.400000000000006,
09-03-2023,09-03-2023,13:05,0.3,41400,41485.7,111.65,73.35,2023-03-09 13:38:00,33.2,22.25,2023-03-09 13:29:00,-49.250000000000014,,-49.250000000000014
16-03-2023,16-03-2023,13:05,0.3,38900,38983.8,140.65,79.1,2023-03-16 13:08:00,76.75,51.0,2023-03-16 13:31:00,-87.30000000000001,,-87.30000000000001
23-03-2023,23-03-2023,13:05,0.3,40100,40154.3,120.95,82.0,2023-03-23 13:43:00,67.35,44.2,2023-03-23 13:32:00,-62.099999999999994,,-62.099999999999994
29-03-2023,29-03-2023,13:05,0.3,39700,39754.15,143.25,89.1,2023-03-29 14:33:00,53.65,37.0,2023-03-29 13:21:00,-70.80000000000001,,-70.80000000000001
06-04-2023,06-04-2023,13:05,0.3,41100,41128.75,93.65,59.6,2023-04-06 13:38:00,64.95,43.2,2023-04-06 15:01:00,-55.800000000000004,,-55.800000000000004
13-04-2023,13-04-2023,13:05,0.3,41700,41712.85,81.1,436.7,2023-04-13 15:20:00,66.4,39.5,2023-04-13 13:30:00,328.70000000000005,328.70000000000005,
20-04-2023,20-04-2023,13:05,0.3,42200,42214.05,98.55,58.6,2023-04-20 13:10:00,80.5,53.65,2023-04-20 14:21:00,-66.8,,-66.8
27-04-2023,27-04-2023,13:05,0.3,42800,42847.65,90.05,211.75,2023-04-27 15:20:00,70.4,45.1,2023-04-27 13:16:00,96.4,96.4,
04-05-2023,04-05-2023,13:05,0.3,43400,43445.3,91.45,296.5,2023-05-04 15:20:00,47.35,33.0,2023-05-04 13:28:00,190.70000000000002,190.70000000000002,
11-05-2023,11-05-2023,13:05,0.3,43500,43553.3,124.75,83.5,2023-05-11 14:37:00,51.05,29.7,2023-05-11 13:48:00,-62.599999999999994,,-62.599999999999994
18-05-2023,18-05-2023,13:05,0.3,43900,43962.0,98.0,58.8,2023-05-18 13:45:00,71.25,45.65,2023-05-18 13:21:00,-64.80000000000001,,-64.80000000000001
25-05-2023,25-05-2023,13:05,0.3,43400,43453.95,101.05,70.6,2023-05-25 13:40:00,53.75,35.0,2023-05-25 14:09:00,-49.2,,-49.2
01-06-2023,01-06-2023,13:05,0.3,44100,44130.15,107.75,71.75,2023-06-01 13:47:00,62.2,324.6,2023-06-01 15:20:00,226.40000000000003,226.40000000000003,
08-06-2023,08-06-2023,13:05,0.3,44200,44265.35,115.1,71.2,2023-06-08 14:10:00,45.35,27.25,2023-06-08 13:41:00,-61.99999999999999,,-61.99999999999999
15-06-2023,15-06-2023,13:05,0.3,43600,43677.55,147.5,99.4,2023-06-15 14:02:00,47.85,31.75,2023-06-15 13:46:00,-64.19999999999999,,-64.19999999999999
22-06-2023,22-06-2023,13:05,0.3,43700,43750.5,88.2,47.4,2023-06-22 14:34:00,92.85,61.0,2023-06-22 13:12:00,-72.65,,-72.65
02-06-2022,02-06-2022,13:05,0.35000000000000003,35400,35455.75,143.8,216.35,2022-06-02 15:20:00,93.1,46.7,2022-06-02 13:34:00,26.14999999999999,26.14999999999999,
09-06-2022,09-06-2022,13:05,0.35000000000000003,34700,34784.9,129.65,375.0,2022-06-09 15:20:00,48.4,29.5,2022-06-09 13:49:00,226.45,226.45,
16-06-2022,16-06-2022,13:05,0.35000000000000003,32900,32986.8,162.35,87.9,2022-06-16 13:20:00,71.7,294.15,2022-06-16 15:20:00,148.0,148.0,
23-06-2022,23-06-2022,13:05,0.35000000000000003,32800,32874.55,120.9,62.25,2022-06-23 13:08:00,95.4,55.75,2022-06-23 13:32:00,-98.30000000000001,,-98.30000000000001
30-06-2022,30-06-2022,13:05,0.35000000000000003,33400,33444.25,134.1,79.85,2022-06-30 14:39:00,125.65,81.6,2022-06-30 13:35:00,-98.30000000000001,,-98.30000000000001
07-07-2022,07-07-2022,13:05,0.35000000000000003,34700,34769.75,128.35,81.8,2022-07-07 14:04:00,65.05,41.45,2022-07-07 13:18:00,-70.14999999999999,,-70.14999999999999
14-07-2022,14-07-2022,13:05,0.35000000000000003,34700,34706.05,107.75,69.5,2022-07-14 13:21:00,90.35,50.0,2022-07-14 15:09:00,-78.6,,-78.6
21-07-2022,21-07-2022,13:05,0.35000000000000003,36200,36227.4,80.75,48.2,2022-07-21 13:29:00,86.05,46.9,2022-07-21 14:29:00,-71.69999999999999,,-71.69999999999999
28-07-2022,28-07-2022,13:05,0.35000000000000003,37200,37260.0,129.0,176.3,2022-07-28 15:20:00,46.95,24.05,2022-07-28 13:22:00,24.40000000000001,24.40000000000001,
04-08-2022,04-08-2022,13:05,0.35000000000000003,37700,37745.4,109.05,66.4,2022-08-04 13:07:00,70.75,42.75,2022-08-04 14:50:00,-70.64999999999999,,-70.64999999999999
11-08-2022,11-08-2022,13:05,0.35000000000000003,38800,38898.6,128.8,83.3,2022-08-11 13:35:00,40.9,25.8,2022-08-11 13:47:00,-60.60000000000001,,-60.60000000000001
18-08-2022,18-08-2022,13:05,0.35000000000000003,39400,39423.45,64.4,246.55,2022-08-18 15:20:00,67.25,39.6,2022-08-18 13:09:00,154.5,154.5,
25-08-2022,25-08-2022,13:05,0.35000000000000003,39400,39414.05,104.7,66.1,2022-08-25 14:08:00,53.1,461.5,2022-08-25 15:20:00,369.79999999999995,369.79999999999995,
01-09-2022,01-09-2022,13:05,0.35000000000000003,39300,39337.7,164.6,105.5,2022-09-01 13:13:00,121.2,78.15,2022-09-01 14:44:00,-102.14999999999999,,-102.14999999999999
08-09-2022,08-09-2022,13:05,0.35000000000000003,39900,39998.8,162.75,312.35,2022-09-08 15:20:00,76.1,48.6,2022-09-08 13:21:00,122.10000000000002,122.10000000000002,
15-09-2022,15-09-2022,13:05,0.35000000000000003,41300,41305.2,127.5,77.7,2022-09-15 13:40:00,96.95,59.85,2022-09-15 13:08:00,-86.9,,-86.9
22-09-2022,22-09-2022,13:05,0.35000000000000003,40500,40538.35,142.4,128.85,2022-09-22 15:20:00,101.85,57.1,2022-09-22 13:16:00,-58.300000000000004,,-58.300000000000004
29-09-2022,29-09-2022,13:05,0.35000000000000003,37600,37620.85,124.95,74.85,2022-09-29 14:00:00,114.05,45.2,2022-09-29 13:57:00,-118.95,,-118.95
06-10-2022,06-10-2022,13:05,0.35000000000000003,39500,39573.35,148.7,87.6,2022-10-06 13:50:00,66.7,222.0,2022-10-06 15:20:00,94.20000000000002,94.20000000000002,
13-10-2022,13-10-2022,13:05,0.35000000000000003,38600,38670.35,125.9,77.7,2022-10-13 13:32:00,67.45,41.0,2022-10-13 14:01:00,-74.65,,-74.65
20-10-2022,20-10-2022,13:05,0.35000000000000003,40000,40012.9,82.4,49.15,2022-10-20 13:39:00,94.05,60.95,2022-10-20 14:15:00,-66.35,,-66.35
27-10-2022,27-10-2022,13:05,0.35000000000000003,41300,41316.1,90.9,58.7,2022-10-27 13:53:00,80.1,48.2,2022-10-27 13:36:00,-64.1,,-64.1
03-11-2022,03-11-2022,13:05,0.35000000000000003,41200,41244.7,109.8,99.8,2022-11-03 15:20:00,69.0,35.55,2022-11-03 13:11:00,-43.45,,-43.45
10-11-2022,10-11-2022,13:05,0.35000000000000003,41300,41329.65,115.0,302.45,2022-11-10 15:20:00,35.9,21.3,2022-11-10 13:19:00,172.85,172.85,
17-11-2022,17-11-2022,13:05,0.35000000000000003,42500,42510.85,71.7,42.6,2022-11-17 14:59:00,47.7,29.95,2022-11-17 13:37:00,-46.85000000000001,,-46.85000000000001
24-11-2022,24-11-2022,13:05,0.35000000000000003,42900,42952.95,81.4,45.7,2022-11-24 13:23:00,42.4,26.5,2022-11-24 14:04:00,-51.6,,-51.6
01-12-2022,01-12-2022,13:05,0.35000000000000003,43300,43381.15,152.05,86.1,2022-12-01 13:25:00,16.15,37.65,2022-12-01 15:20:00,-44.45000000000002,,-44.45000000000002
08-12-2022,08-12-2022,13:05,0.35000000000000003,43300,43382.1,108.95,293.05,2022-12-08 15:20:00,35.3,22.55,2022-12-08 13:17:00,171.35000000000002,171.35000000000002,
15-12-2022,15-12-2022,13:05,0.35000000000000003,43800,43859.0,109.7,66.9,2022-12-15 14:10:00,35.95,19.75,2022-12-15 14:14:00,-59.0,,-59.0
22-12-2022,22-12-2022,13:05,0.35000000000000003,42300,42317.1,110.4,115.5,2022-12-22 15:20:00,92.95,59.5,2022-12-22 13:11:00,-28.35000000000001,,-28.35000000000001
29-12-2022,29-12-2022,13:05,0.35000000000000003,42700,42721.85,107.1,556.1,2022-12-29 15:20:00,77.15,48.1,2022-12-29 13:39:00,419.95,419.95,
05-01-2023,05-01-2023,13:05,0.35000000000000003,42500,42554.5,162.85,102.45,2023-01-05 13:19:00,66.2,42.8,2023-01-05 14:29:00,-83.8,,-83.8
12-01-2023,12-01-2023,13:05,0.35000000000000003,42000,42020.45,128.75,69.7,2023-01-12 13:11:00,79.3,44.0,2023-01-12 14:24:00,-94.35,,-94.35
19-01-2023,19-01-2023,13:05,0.35000000000000003,42200,42285.85,146.0,91.4,2023-01-19 14:24:00,52.45,33.7,2023-01-19 13:37:00,-73.35,,-73.35
25-01-2023,25-01-2023,13:05,0.35000000000000003,41800,41801.2,99.35,60.65,2023-01-25 13:16:00,82.5,53.5,2023-01-25 13:45:00,-67.69999999999999,,-67.69999999999999
02-02-2023,02-02-2023,13:05,0.35000000000000003,40200,40246.15,189.35,120.25,2023-02-02 13:37:00,117.9,75.5,2023-02-02 13:27:00,-111.5,,-111.5
09-02-2023,09-02-2023,13:05,0.35000000000000003,41300,41344.7,108.3,249.2,2023-02-09 15:20:00,65.2,41.55,2023-02-09 13:31:00,117.24999999999997,117.24999999999997,
16-02-2023,16-02-2023,13:05,0.35000000000000003,41700,41700.9,106.95,67.55,2023-02-16 14:26:00,83.55,53.95,2023-02-16 13:08:00,-69.0,,-69.0
23-02-2023,23-02-2023,13:05,0.35000000000000003,39900,39929.55,103.35,57.85,2023-02-23 15:03:00,74.15,41.15,2023-02-23 13:07:00,-78.5,,-78.5
02-03-2023,02-03-2023,13:05,0.35000000000000003,40500,40542.35,101.45,62.55,2023-03-02 13:33:00,51.0,98.2,2023-03-02 15:20:00,8.299999999999997,8.299999999999997,
09-03-2023,09-03-2023,13:05,0.35000000000000003,41400,41485.7,111.65,67.15,2023-03-09 13:39:00,33.2,151.35,2023-03-09 15:20:00,73.64999999999999,73.64999999999999,
16-03-2023,16-03-2023,13:05,0.35000000000000003,38900,38983.8,140.65,79.1,2023-03-16 13:08:00,76.75,37.9,2023-03-16 13:32:00,-100.4,,-100.4
23-03-2023,23-03-2023,13:05,0.35000000000000003,40100,40154.3,120.95,69.7,2023-03-23 13:44:00,67.35,40.2,2023-03-23 13:33:00,-78.39999999999999,,-78.39999999999999
29-03-2023,29-03-2023,13:05,0.35000000000000003,39700,39754.15,143.25,89.1,2023-03-29 14:33:00,53.65,34.25,2023-03-29 13:22:00,-73.55000000000001,,-73.55000000000001
06-04-2023,06-04-2023,13:05,0.35000000000000003,41100,41128.75,93.65,59.6,2023-04-06 13:38:00,64.95,42.1,2023-04-06 15:04:00,-56.900000000000006,,-56.900000000000006
13-04-2023,13-04-2023,13:05,0.35000000000000003,41700,41712.85,81.1,436.7,2023-04-13 15:20:00,66.4,39.5,2023-04-13 13:30:00,328.70000000000005,328.70000000000005,
20-04-2023,20-04-2023,13:05,0.35000000000000003,42200,42214.05,98.55,58.6,2023-04-20 13:10:00,80.5,49.7,2023-04-20 14:22:00,-70.75,,-70.75
27-04-2023,27-04-2023,13:05,0.35000000000000003,42800,42847.65,90.05,211.75,2023-04-27 15:20:00,70.4,45.1,2023-04-27 13:16:00,96.4,96.4,
04-05-2023,04-05-2023,13:05,0.35000000000000003,43400,43445.3,91.45,296.5,2023-05-04 15:20:00,47.35,29.0,2023-05-04 13:40:00,186.70000000000002,186.70000000000002,
11-05-2023,11-05-2023,13:05,0.35000000000000003,43500,43553.3,124.75,65.3,2023-05-11 14:50:00,51.05,29.7,2023-05-11 13:48:00,-80.8,,-80.8
18-05-2023,18-05-2023,13:05,0.35000000000000003,43900,43962.0,98.0,58.8,2023-05-18 13:45:00,71.25,45.65,2023-05-18 13:21:00,-64.80000000000001,,-64.80000000000001
25-05-2023,25-05-2023,13:05,0.35000000000000003,43400,43453.95,101.05,276.1,2023-05-25 15:20:00,53.75,32.15,2023-05-25 14:10:00,153.45000000000002,153.45000000000002,
01-06-2023,01-06-2023,13:05,0.35000000000000003,44100,44130.15,107.75,68.4,2023-06-01 13:48:00,62.2,324.6,2023-06-01 15:20:00,223.05000000000004,223.05000000000004,
08-06-2023,08-06-2023,13:05,0.35000000000000003,44200,44265.35,115.1,71.2,2023-06-08 14:10:00,45.35,27.25,2023-06-08 13:41:00,-61.99999999999999,,-61.99999999999999
15-06-2023,15-06-2023,13:05,0.35000000000000003,43600,43677.55,147.5,74.1,2023-06-15 14:03:00,47.85,27.75,2023-06-15 13:47:00,-93.5,,-93.5
22-06-2023,22-06-2023,13:05,0.35000000000000003,43700,43750.5,88.2,47.4,2023-06-22 14:34:00,92.85,59.25,2023-06-22 13:13:00,-74.4,,-74.4
02-06-2022,02-06-2022,13:05,0.4,35400,35455.75,143.8,216.35,2022-06-02 15:20:00,93.1,46.7,2022-06-02 13:34:00,26.14999999999999,26.14999999999999,
09-06-2022,09-06-2022,13:05,0.4,34700,34784.9,129.65,375.0,2022-06-09 15:20:00,48.4,27.65,2022-06-09 13:50:00,224.6,224.6,
16-06-2022,16-06-2022,13:05,0.4,32900,32986.8,162.35,87.9,2022-06-16 13:20:00,71.7,294.15,2022-06-16 15:20:00,148.0,148.0,
23-06-2022,23-06-2022,13:05,0.4,32800,32874.55,120.9,62.25,2022-06-23 13:08:00,95.4,55.75,2022-06-23 13:32:00,-98.30000000000001,,-98.30000000000001
30-06-2022,30-06-2022,13:05,0.4,33400,33444.25,134.1,79.85,2022-06-30 14:39:00,125.65,70.8,2022-06-30 13:48:00,-109.10000000000001,,-109.10000000000001
07-07-2022,07-07-2022,13:05,0.4,34700,34769.75,128.35,61.4,2022-07-07 14:11:00,65.05,37.9,2022-07-07 13:19:00,-94.1,,-94.1
14-07-2022,14-07-2022,13:05,0.4,34700,34706.05,107.75,62.7,2022-07-14 13:22:00,90.35,50.0,2022-07-14 15:09:00,-85.39999999999999,,-85.39999999999999
21-07-2022,21-07-2022,13:05,0.4,36200,36227.4,80.75,48.2,2022-07-21 13:29:00,86.05,46.9,2022-07-21 14:29:00,-71.69999999999999,,-71.69999999999999
28-07-2022,28-07-2022,13:05,0.4,37200,37260.0,129.0,176.3,2022-07-28 15:20:00,46.95,24.05,2022-07-28 13:22:00,24.40000000000001,24.40000000000001,
04-08-2022,04-08-2022,13:05,0.4,37700,37745.4,109.05,58.85,2022-08-04 13:09:00,70.75,35.85,2022-08-04 14:51:00,-85.1,,-85.1
11-08-2022,11-08-2022,13:05,0.4,38800,38898.6,128.8,76.75,2022-08-11 15:15:00,40.9,24.5,2022-08-11 13:52:00,-68.45000000000002,,-68.45000000000002
18-08-2022,18-08-2022,13:05,0.4,39400,39423.45,64.4,246.55,2022-08-18 15:20:00,67.25,39.6,2022-08-18 13:09:00,154.5,154.5,
25-08-2022,25-08-2022,13:05,0.4,39400,39414.05,104.7,59.55,2022-08-25 14:12:00,53.1,461.5,2022-08-25 15:20:00,363.25,363.25,
01-09-2022,01-09-2022,13:05,0.4,39300,39337.7,164.6,95.3,2022-09-01 13:40:00,121.2,69.8,2022-09-01 14:55:00,-120.7,,-120.7
08-09-2022,08-09-2022,13:05,0.4,39900,39998.8,162.75,312.35,2022-09-08 15:20:00,76.1,45.65,2022-09-08 13:28:00,119.15000000000003,119.15000000000003,
15-09-2022,15-09-2022,13:05,0.4,41300,41305.2,127.5,69.15,2022-09-15 13:45:00,96.95,45.3,2022-09-15 13:09:00,-110.0,,-110.0
22-09-2022,22-09-2022,13:05,0.4,40500,40538.35,142.4,128.85,2022-09-22 15:20:00,101.85,57.1,2022-09-22 13:16:00,-58.300000000000004,,-58.300000000000004
29-09-2022,29-09-2022,13:05,0.4,37600,37620.85,124.95,74.85,2022-09-29 14:00:00,114.05,45.2,2022-09-29 13:57:00,-118.95,,-118.95
06-10-2022,06-10-2022,13:05,0.4,39500,39573.35,148.7,87.6,2022-10-06 13:50:00,66.7,222.0,2022-10-06 15:20:00,94.20000000000002,94.20000000000002,
13-10-2022,13-10-2022,13:05,0.4,38600,38670.35,125.9,66.5,2022-10-13 13:33:00,67.45,28.5,2022-10-13 14:05:00,-98.35000000000001,,-98.35000000000001
20-10-2022,20-10-2022,13:05,0.4,40000,40012.9,82.4,49.15,2022-10-20 13:39:00,94.05,53.75,2022-10-20 14:18:00,-73.55000000000001,,-73.55000000000001
27-10-2022,27-10-2022,13:05,0.4,41300,41316.1,90.9,41.45,2022-10-27 14:23:00,80.1,45.4,2022-10-27 14:07:00,-84.15,,-84.15
03-11-2022,03-11-2022,13:05,0.4,41200,41244.7,109.8,99.8,2022-11-03 15:20:00,69.0,35.55,2022-11-03 13:11:00,-43.45,,-43.45
10-11-2022,10-11-2022,13:05,0.4,41300,41329.65,115.0,302.45,2022-11-10 15:20:00,35.9,21.3,2022-11-10 13:19:00,172.85,172.85,
17-11-2022,17-11-2022,13:05,0.4,42500,42510.85,71.7,42.6,2022-11-17 14:59:00,47.7,24.55,2022-11-17 14:10:00,-52.25,,-52.25
24-11-2022,24-11-2022,13:05,0.4,42900,42952.95,81.4,45.7,2022-11-24 13:23:00,42.4,24.5,2022-11-24 14:07:00,-53.6,,-53.6
01-12-2022,01-12-2022,13:05,0.4,43300,43381.15,152.05,86.1,2022-12-01 13:25:00,16.15,37.65,2022-12-01 15:20:00,-44.45000000000002,,-44.45000000000002
08-12-2022,08-12-2022,13:05,0.4,43300,43382.1,108.95,293.05,2022-12-08 15:20:00,35.3,21.0,2022-12-08 13:19:00,169.8,169.8,
15-12-2022,15-12-2022,13:05,0.4,43800,43859.0,109.7,51.3,2022-12-15 14:28:00,35.95,19.75,2022-12-15 14:14:00,-74.60000000000001,,-74.60000000000001
22-12-2022,22-12-2022,13:05,0.4,42300,42317.1,110.4,115.5,2022-12-22 15:20:00,92.95,43.8,2022-12-22 13:19:00,-44.05000000000001,,-44.05000000000001
29-12-2022,29-12-2022,13:05,0.4,42700,42721.85,107.1,556.1,2022-12-29 15:20:00,77.15,42.5,2022-12-29 13:41:00,414.35,414.35,
05-01-2023,05-01-2023,13:05,0.4,42500,42554.5,162.85,88.85,2023-01-05 13:21:00,66.2,37.55,2023-01-05 14:50:00,-102.65,,-102.65
12-01-2023,12-01-2023,13:05,0.4,42000,42020.45,128.75,69.7,2023-01-12 13:11:00,79.3,44.0,2023-01-12 14:24:00,-94.35,,-94.35
19-01-2023,19-01-2023,13:05,0.4,42200,42285.85,146.0,87.1,2023-01-19 14:33:00,52.45,30.9,2023-01-19 13:41:00,-80.45000000000002,,-80.45000000000002
25-01-2023,25-01-2023,13:05,0.4,41800,41801.2,99.35,55.75,2023-01-25 14:30:00,82.5,47.3,2023-01-25 13:54:00,-78.8,,-78.8
02-02-2023,02-02-2023,13:05,0.4,40200,40246.15,189.35,104.95,2023-02-02 13:38:00,117.9,57.5,2023-02-02 14:10:00,-144.8,,-144.8
09-02-2023,09-02-2023,13:05,0.4,41300,41344.7,108.3,249.2,2023-02-09 15:20:00,65.2,34.4,2023-02-09 13:34:00,110.09999999999997,110.09999999999997,
16-02-2023,16-02-2023,13:05,0.4,41700,41700.9,106.95,50.2,2023-02-16 14:27:00,83.55,49.75,2023-02-16 13:09:00,-90.55,,-90.55
23-02-2023,23-02-2023,13:05,0.4,39900,39929.55,103.35,57.85,2023-02-23 15:03:00,74.15,41.15,2023-02-23 13:07:00,-78.5,,-78.5
02-03-2023,02-03-2023,13:05,0.4,40500,40542.35,101.45,54.55,2023-03-02 13:34:00,51.0,98.2,2023-03-02 15:20:00,0.29999999999999716,0.29999999999999716,
09-03-2023,09-03-2023,13:05,0.4,41400,41485.7,111.65,54.8,2023-03-09 13:42:00,33.2,151.35,2023-03-09 15:20:00,61.29999999999998,61.29999999999998,
16-03-2023,16-03-2023,13:05,0.4,38900,38983.8,140.65,79.1,2023-03-16 13:08:00,76.75,37.9,2023-03-16 13:32:00,-100.4,,-100.4
23-03-2023,23-03-2023,13:05,0.4,40100,40154.3,120.95,69.7,2023-03-23 13:44:00,67.35,40.2,2023-03-23 13:33:00,-78.39999999999999,,-78.39999999999999
29-03-2023,29-03-2023,13:05,0.4,39700,39754.15,143.25,84.7,2023-03-29 14:35:00,53.65,27.35,2023-03-29 13:55:00,-84.85,,-84.85
06-04-2023,06-04-2023,13:05,0.4,41100,41128.75,93.65,39.95,2023-04-06 13:39:00,64.95,37.5,2023-04-06 15:06:00,-81.15,,-81.15
13-04-2023,13-04-2023,13:05,0.4,41700,41712.85,81.1,436.7,2023-04-13 15:20:00,66.4,39.5,2023-04-13 13:30:00,328.70000000000005,328.70000000000005,
20-04-2023,20-04-2023,13:05,0.4,42200,42214.05,98.55,58.6,2023-04-20 13:10:00,80.5,47.65,2023-04-20 14:24:00,-72.8,,-72.8
27-04-2023,27-04-2023,13:05,0.4,42800,42847.65,90.05,211.75,2023-04-27 15:20:00,70.4,41.85,2023-04-27 13:17:00,93.15,93.15,
04-05-2023,04-05-2023,13:05,0.4,43400,43445.3,91.45,296.5,2023-05-04 15:20:00,47.35,26.55,2023-05-04 13:43:00,184.25,184.25,
11-05-2023,11-05-2023,13:05,0.4,43500,43553.3,124.75,65.3,2023-05-11 14:50:00,51.05,29.7,2023-05-11 13:48:00,-80.8,,-80.8
18-05-2023,18-05-2023,13:05,0.4,43900,43962.0,98.0,58.8,2023-05-18 13:45:00,71.25,42.55,2023-05-18 13:23:00,-67.9,,-67.9
25-05-2023,25-05-2023,13:05,0.4,43400,43453.95,101.05,276.1,2023-05-25 15:20:00,53.75,32.15,2023-05-25 14:10:00,153.45000000000002,153.45000000000002,
01-06-2023,01-06-2023,13:05,0.4,44100,44130.15,107.75,50.4,2023-06-01 13:52:00,62.2,324.6,2023-06-01 15:20:00,205.05000000000004,205.05000000000004,
08-06-2023,08-06-2023,13:05,0.4,44200,44265.35,115.1,63.15,2023-06-08 14:11:00,45.35,21.8,2023-06-08 13:45:00,-75.5,,-75.5
15-06-2023,15-06-2023,13:05,0.4,43600,43677.55,147.5,74.1,2023-06-15 14:03:00,47.85,27.75,2023-06-15 13:47:00,-93.5,,-93.5
22-06-2023,22-06-2023,13:05,0.4,43700,43750.5,88.2,47.4,2023-06-22 14:34:00,92.85,45.0,2023-06-22 13:18:00,-88.65,,-88.65
02-06-2022,02-06-2022,13:05,0.45,35400,35455.75,143.8,216.35,2022-06-02 15:20:00,93.1,46.7,2022-06-02 13:34:00,26.14999999999999,26.14999999999999,
09-06-2022,09-06-2022,13:05,0.45,34700,34784.9,129.65,375.0,2022-06-09 15:20:00,48.4,21.5,2022-06-09 14:00:00,218.45,218.45,
16-06-2022,16-06-2022,13:05,0.45,32900,32986.8,162.35,87.9,2022-06-16 13:20:00,71.7,294.15,2022-06-16 15:20:00,148.0,148.0,
23-06-2022,23-06-2022,13:05,0.45,32800,32874.55,120.9,62.25,2022-06-23 13:08:00,95.4,49.7,2022-06-23 13:33:00,-104.35000000000001,,-104.35000000000001
30-06-2022,30-06-2022,13:05,0.45,33400,33444.25,134.1,70.1,2022-06-30 14:40:00,125.65,60.1,2022-06-30 14:08:00,-129.55,,-129.55
07-07-2022,07-07-2022,13:05,0.45,34700,34769.75,128.35,61.4,2022-07-07 14:11:00,65.05,34.65,2022-07-07 13:22:00,-97.35,,-97.35
14-07-2022,14-07-2022,13:05,0.45,34700,34706.05,107.75,58.45,2022-07-14 13:26:00,90.35,41.4,2022-07-14 15:11:00,-98.25,,-98.25
21-07-2022,21-07-2022,13:05,0.45,36200,36227.4,80.75,39.65,2022-07-21 13:30:00,86.05,46.9,2022-07-21 14:29:00,-80.25,,-80.25
28-07-2022,28-07-2022,13:05,0.45,37200,37260.0,129.0,176.3,2022-07-28 15:20:00,46.95,24.05,2022-07-28 13:22:00,24.40000000000001,24.40000000000001,
04-08-2022,04-08-2022,13:05,0.45,37700,37745.4,109.05,58.85,2022-08-04 13:09:00,70.75,35.85,2022-08-04 14:51:00,-85.1,,-85.1
11-08-2022,11-08-2022,13:05,0.45,38800,38898.6,128.8,81.7,2022-08-11 15:20:00,40.9,20.1,2022-08-11 14:22:00,-67.9,,-67.9
18-08-2022,18-08-2022,13:05,0.45,39400,39423.45,64.4,246.55,2022-08-18 15:20:00,67.25,33.75,2022-08-18 13:10:00,148.65,148.65,
25-08-2022,25-08-2022,13:05,0.45,39400,39414.05,104.7,49.6,2022-08-25 14:20:00,53.1,461.5,2022-08-25 15:20:00,353.29999999999995,353.29999999999995,
01-09-2022,01-09-2022,13:05,0.45,39300,39337.7,164.6,84.3,2022-09-01 13:46:00,121.2,62.5,2022-09-01 15:06:00,-139.0,,-139.0
08-09-2022,08-09-2022,13:05,0.45,39900,39998.8,162.75,312.35,2022-09-08 15:20:00,76.1,35.8,2022-09-08 13:58:00,109.30000000000003,109.30000000000003,
15-09-2022,15-09-2022,13:05,0.45,41300,41305.2,127.5,69.15,2022-09-15 13:45:00,96.95,45.3,2022-09-15 13:09:00,-110.0,,-110.0
22-09-2022,22-09-2022,13:05,0.45,40500,40538.35,142.4,128.85,2022-09-22 15:20:00,101.85,49.25,2022-09-22 13:17:00,-66.15,,-66.15
29-09-2022,29-09-2022,13:05,0.45,37600,37620.85,124.95,66.85,2022-09-29 14:01:00,114.05,45.2,2022-09-29 13:57:00,-126.95,,-126.95
06-10-2022,06-10-2022,13:05,0.45,39500,39573.35,148.7,78.0,2022-10-06 13:51:00,66.7,222.0,2022-10-06 15:20:00,84.60000000000002,84.60000000000002,
13-10-2022,13-10-2022,13:05,0.45,38600,38670.35,125.9,66.5,2022-10-13 13:33:00,67.45,28.5,2022-10-13 14:05:00,-98.35000000000001,,-98.35000000000001
20-10-2022,20-10-2022,13:05,0.45,40000,40012.9,82.4,40.9,2022-10-20 13:51:00,94.05,50.6,2022-10-20 14:20:00,-84.95,,-84.95
27-10-2022,27-10-2022,13:05,0.45,41300,41316.1,90.9,41.45,2022-10-27 14:23:00,80.1,40.45,2022-10-27 14:08:00,-89.1,,-89.1
03-11-2022,03-11-2022,13:05,0.45,41200,41244.7,109.8,99.8,2022-11-03 15:20:00,69.0,35.55,2022-11-03 13:11:00,-43.45,,-43.45
10-11-2022,10-11-2022,13:05,0.45,41300,41329.65,115.0,302.45,2022-11-10 15:20:00,35.9,18.65,2022-11-10 13:27:00,170.2,170.2,
17-11-2022,17-11-2022,13:05,0.45,42500,42510.85,71.7,24.0,2022-11-17 15:07:00,47.7,24.55,2022-11-17 14:10:00,-70.85000000000001,,-70.85000000000001
24-11-2022,24-11-2022,13:05,0.45,42900,42952.95,81.4,43.15,2022-11-24 13:25:00,42.4,22.75,2022-11-24 14:11:00,-57.900000000000006,,-57.900000000000006
01-12-2022,01-12-2022,13:05,0.45,43300,43381.15,152.05,81.65,2022-12-01 13:27:00,16.15,37.65,2022-12-01 15:20:00,-48.900000000000006,,-48.900000000000006
08-12-2022,08-12-2022,13:05,0.45,43300,43382.1,108.95,293.05,2022-12-08 15:20:00,35.3,17.7,2022-12-08 13:23:00,166.50000000000003,166.50000000000003,
15-12-2022,15-12-2022,13:05,0.45,43800,43859.0,109.7,51.3,2022-12-15 14:28:00,35.95,19.75,2022-12-15 14:14:00,-74.60000000000001,,-74.60000000000001
22-12-2022,22-12-2022,13:05,0.45,42300,42317.1,110.4,115.5,2022-12-22 15:20:00,92.95,43.8,2022-12-22 13:19:00,-44.05000000000001,,-44.05000000000001
29-12-2022,29-12-2022,13:05,0.45,42700,42721.85,107.1,556.1,2022-12-29 15:20:00,77.15,33.25,2022-12-29 13:44:00,405.1,405.1,
05-01-2023,05-01-2023,13:05,0.45,42500,42554.5,162.85,88.85,2023-01-05 13:21:00,66.2,29.7,2023-01-05 15:00:00,-110.5,,-110.5
12-01-2023,12-01-2023,13:05,0.45,42000,42020.45,128.75,69.7,2023-01-12 13:11:00,79.3,42.95,2023-01-12 14:49:00,-95.39999999999999,,-95.39999999999999
19-01-2023,19-01-2023,13:05,0.45,42200,42285.85,146.0,120.3,2023-01-19 15:20:00,52.45,26.05,2023-01-19 13:44:00,-52.10000000000001,,-52.10000000000001
25-01-2023,25-01-2023,13:05,0.45,41800,41801.2,99.35,46.8,2023-01-25 14:31:00,82.5,41.75,2023-01-25 14:01:00,-93.3,,-93.3
02-02-2023,02-02-2023,13:05,0.45,40200,40246.15,189.35,90.3,2023-02-02 13:40:00,117.9,57.5,2023-02-02 14:10:00,-159.45,,-159.45
09-02-2023,09-02-2023,13:05,0.45,41300,41344.7,108.3,249.2,2023-02-09 15:20:00,65.2,34.4,2023-02-09 13:34:00,110.09999999999997,110.09999999999997,
16-02-2023,16-02-2023,13:05,0.45,41700,41700.9,106.95,50.2,2023-02-16 14:27:00,83.55,45.95,2023-02-16 13:10:00,-94.35,,-94.35
23-02-2023,23-02-2023,13:05,0.45,39900,39929.55,103.35,24.95,2023-02-23 15:04:00,74.15,39.9,2023-02-23 13:09:00,-112.65,,-112.65
02-03-2023,02-03-2023,13:05,0.45,40500,40542.35,101.45,54.55,2023-03-02 13:34:00,51.0,98.2,2023-03-02 15:20:00,0.29999999999999716,0.29999999999999716,
09-03-2023,09-03-2023,13:05,0.45,41400,41485.7,111.65,54.8,2023-03-09 13:42:00,33.2,151.35,2023-03-09 15:20:00,61.29999999999998,61.29999999999998,
16-03-2023,16-03-2023,13:05,0.45,38900,38983.8,140.65,241.3,2023-03-16 15:20:00,76.75,37.9,2023-03-16 13:32:00,61.800000000000004,61.800000000000004,
23-03-2023,23-03-2023,13:05,0.45,40100,40154.3,120.95,61.05,2023-03-23 13:47:00,67.35,483.85,2023-03-23 15:20:00,356.6,356.6,
29-03-2023,29-03-2023,13:05,0.45,39700,39754.15,143.25,77.05,2023-03-29 14:36:00,53.65,27.35,2023-03-29 13:55:00,-92.5,,-92.5
06-04-2023,06-04-2023,13:05,0.45,41100,41128.75,93.65,39.95,2023-04-06 13:39:00,64.95,34.15,2023-04-06 15:08:00,-84.5,,-84.5
13-04-2023,13-04-2023,13:05,0.45,41700,41712.85,81.1,436.7,2023-04-13 15:20:00,66.4,36.0,2023-04-13 13:34:00,325.20000000000005,325.20000000000005,
20-04-2023,20-04-2023,13:05,0.45,42200,42214.05,98.55,52.0,2023-04-20 13:56:00,80.5,39.55,2023-04-20 14:31:00,-87.5,,-87.5
27-04-2023,27-04-2023,13:05,0.45,42800,42847.65,90.05,211.75,2023-04-27 15:20:00,70.4,38.4,2023-04-27 13:19:00,89.69999999999999,89.69999999999999,
04-05-2023,04-05-2023,13:05,0.45,43400,43445.3,91.45,296.5,2023-05-04 15:20:00,47.35,24.2,2023-05-04 13:51:00,181.9,181.9,
11-05-2023,11-05-2023,13:05,0.45,43500,43553.3,124.75,65.3,2023-05-11 14:50:00,51.05,26.2,2023-05-11 14:15:00,-84.3,,-84.3
18-05-2023,18-05-2023,13:05,0.45,43900,43962.0,98.0,53.0,2023-05-18 14:02:00,71.25,38.25,2023-05-18 13:29:00,-78.0,,-78.0
25-05-2023,25-05-2023,13:05,0.45,43400,43453.95,101.05,276.1,2023-05-25 15:20:00,53.75,26.65,2023-05-25 14:12:00,147.95000000000002,147.95000000000002,
01-06-2023,01-06-2023,13:05,0.45,44100,44130.15,107.75,50.4,2023-06-01 13:52:00,62.2,324.6,2023-06-01 15:20:00,205.05000000000004,205.05000000000004,
08-06-2023,08-06-2023,13:05,0.45,44200,44265.35,115.1,63.15,2023-06-08 14:11:00,45.35,21.8,2023-06-08 13:45:00,-75.5,,-75.5
15-06-2023,15-06-2023,13:05,0.45,43600,43677.55,147.5,74.1,2023-06-15 14:03:00,47.85,161.1,2023-06-15 15:20:00,39.849999999999994,39.849999999999994,
22-06-2023,22-06-2023,13:05,0.45,43700,43750.5,88.2,47.4,2023-06-22 14:34:00,92.85,45.0,2023-06-22 13:18:00,-88.65,,-88.65
02-06-2022,02-06-2022,13:05,0.5,35400,35455.75,143.8,216.35,2022-06-02 15:20:00,93.1,45.75,2022-06-02 13:42:00,25.19999999999999,25.19999999999999,
09-06-2022,09-06-2022,13:05,0.5,34700,34784.9,129.65,375.0,2022-06-09 15:20:00,48.4,21.5,2022-06-09 14:00:00,218.45,218.45,
16-06-2022,16-06-2022,13:05,0.5,32900,32986.8,162.35,77.85,2022-06-16 13:22:00,71.7,294.15,2022-06-16 15:20:00,137.95,137.95,
23-06-2022,23-06-2022,13:05,0.5,32800,32874.55,120.9,50.5,2022-06-23 13:09:00,95.4,36.85,2022-06-23 13:34:00,-128.95000000000002,,-128.95000000000002
30-06-2022,30-06-2022,13:05,0.5,33400,33444.25,134.1,64.3,2022-06-30 14:44:00,125.65,60.1,2022-06-30 14:08:00,-135.35000000000002,,-135.35000000000002
07-07-2022,07-07-2022,13:05,0.5,34700,34769.75,128.35,61.4,2022-07-07 14:11:00,65.05,27.95,2022-07-07 13:23:00,-104.04999999999998,,-104.04999999999998
14-07-2022,14-07-2022,13:05,0.5,34700,34706.05,107.75,53.25,2022-07-14 13:35:00,90.35,41.4,2022-07-14 15:11:00,-103.44999999999999,,-103.44999999999999
21-07-2022,21-07-2022,13:05,0.5,36200,36227.4,80.75,39.65,2022-07-21 13:30:00,86.05,42.2,2022-07-21 14:30:00,-84.94999999999999,,-84.94999999999999
28-07-2022,28-07-2022,13:05,0.5,37200,37260.0,129.0,176.3,2022-07-28 15:20:00,46.95,22.1,2022-07-28 13:23:00,22.45000000000001,22.45000000000001,
04-08-2022,04-08-2022,13:05,0.5,37700,37745.4,109.05,53.8,2022-08-04 14:00:00,70.75,31.85,2022-08-04 14:52:00,-94.15,,-94.15
11-08-2022,11-08-2022,13:05,0.5,38800,38898.6,128.8,81.7,2022-08-11 15:20:00,40.9,20.1,2022-08-11 14:22:00,-67.9,,-67.9
18-08-2022,18-08-2022,13:05,0.5,39400,39423.45,64.4,246.55,2022-08-18 15:20:00,67.25,28.8,2022-08-18 13:19:00,143.7,143.7,
25-08-2022,25-08-2022,13:05,0.5,39400,39414.05,104.7,49.6,2022-08-25 14:20:00,53.1,461.5,2022-08-25 15:20:00,353.29999999999995,353.29999999999995,
01-09-2022,01-09-2022,13:05,0.5,39300,39337.7,164.6,71.05,2022-09-01 13:49:00,121.2,47.9,2022-09-01 15:09:00,-166.85000000000002,,-166.85000000000002
08-09-2022,08-09-2022,13:05,0.5,39900,39998.8,162.75,312.35,2022-09-08 15:20:00,76.1,35.8,2022-09-08 13:58:00,109.30000000000003,109.30000000000003,
15-09-2022,15-09-2022,13:05,0.5,41300,41305.2,127.5,63.25,2022-09-15 13:46:00,96.95,45.3,2022-09-15 13:09:00,-115.9,,-115.9
22-09-2022,22-09-2022,13:05,0.5,40500,40538.35,142.4,128.85,2022-09-22 15:20:00,101.85,49.25,2022-09-22 13:17:00,-66.15,,-66.15
29-09-2022,29-09-2022,13:05,0.5,37600,37620.85,124.95,55.95,2022-09-29 15:00:00,114.05,45.2,2022-09-29 13:57:00,-137.85,,-137.85
06-10-2022,06-10-2022,13:05,0.5,39500,39573.35,148.7,71.1,2022-10-06 13:55:00,66.7,222.0,2022-10-06 15:20:00,77.70000000000002,77.70000000000002,
13-10-2022,13-10-2022,13:05,0.5,38600,38670.35,125.9,58.95,2022-10-13 13:38:00,67.45,28.5,2022-10-13 14:05:00,-105.9,,-105.9
20-10-2022,20-10-2022,13:05,0.5,40000,40012.9,82.4,40.9,2022-10-20 13:51:00,94.05,45.6,2022-10-20 14:31:00,-89.95,,-89.95
27-10-2022,27-10-2022,13:05,0.5,41300,41316.1,90.9,41.45,2022-10-27 14:23:00,80.1,37.25,2022-10-27 15:07:00,-92.3,,-92.3
03-11-2022,03-11-2022,13:05,0.5,41200,41244.7,109.8,99.8,2022-11-03 15:20:00,69.0,32.4,2022-11-03 13:12:00,-46.6,,-46.6
10-11-2022,10-11-2022,13:05,0.5,41300,41329.65,115.0,302.45,2022-11-10 15:20:00,35.9,17.5,2022-11-10 13:33:00,169.04999999999998,169.04999999999998,
17-11-2022,17-11-2022,13:05,0.5,42500,42510.85,71.7,24.0,2022-11-17 15:07:00,47.7,21.5,2022-11-17 14:16:00,-73.9,,-73.9
24-11-2022,24-11-2022,13:05,0.5,42900,42952.95,81.4,39.95,2022-11-24 13:42:00,42.4,20.9,2022-11-24 14:14:00,-62.95,,-62.95
01-12-2022,01-12-2022,13:05,0.5,43300,43381.15,152.05,67.35,2022-12-01 13:28:00,16.15,37.65,2022-12-01 15:20:00,-63.20000000000002,,-63.20000000000002
08-12-2022,08-12-2022,13:05,0.5,43300,43382.1,108.95,293.05,2022-12-08 15:20:00,35.3,16.15,2022-12-08 13:24:00,164.95000000000002,164.95000000000002,
15-12-2022,15-12-2022,13:05,0.5,43800,43859.0,109.7,51.3,2022-12-15 14:28:00,35.95,16.8,2022-12-15 14:18:00,-77.55000000000001,,-77.55000000000001
22-12-2022,22-12-2022,13:05,0.5,42300,42317.1,110.4,115.5,2022-12-22 15:20:00,92.95,43.8,2022-12-22 13:19:00,-44.05000000000001,,-44.05000000000001
29-12-2022,29-12-2022,13:05,0.5,42700,42721.85,107.1,556.1,2022-12-29 15:20:00,77.15,33.25,2022-12-29 13:44:00,405.1,405.1,
05-01-2023,05-01-2023,13:05,0.5,42500,42554.5,162.85,72.9,2023-01-05 13:24:00,66.2,29.7,2023-01-05 15:00:00,-126.44999999999999,,-126.44999999999999
12-01-2023,12-01-2023,13:05,0.5,42000,42020.45,128.75,60.15,2023-01-12 13:22:00,79.3,27.4,2023-01-12 14:50:00,-120.5,,-120.5
19-01-2023,19-01-2023,13:05,0.5,42200,42285.85,146.0,120.3,2023-01-19 15:20:00,52.45,26.05,2023-01-19 13:44:00,-52.10000000000001,,-52.10000000000001
25-01-2023,25-01-2023,13:05,0.5,41800,41801.2,99.35,46.8,2023-01-25 14:31:00,82.5,38.8,2023-01-25 14:02:00,-96.25,,-96.25
02-02-2023,02-02-2023,13:05,0.5,40200,40246.15,189.35,90.3,2023-02-02 13:40:00,117.9,57.5,2023-02-02 14:10:00,-159.45,,-159.45
09-02-2023,09-02-2023,13:05,0.5,41300,41344.7,108.3,249.2,2023-02-09 15:20:00,65.2,32.05,2023-02-09 13:38:00,107.74999999999997,107.74999999999997,
16-02-2023,16-02-2023,13:05,0.5,41700,41700.9,106.95,50.2,2023-02-16 14:27:00,83.55,41.0,2023-02-16 13:19:00,-99.3,,-99.3
23-02-2023,23-02-2023,13:05,0.5,39900,39929.55,103.35,24.95,2023-02-23 15:04:00,74.15,35.5,2023-02-23 13:10:00,-117.05,,-117.05
02-03-2023,02-03-2023,13:05,0.5,40500,40542.35,101.45,47.55,2023-03-02 13:35:00,51.0,98.2,2023-03-02 15:20:00,-6.700000000000003,,-6.700000000000003
09-03-2023,09-03-2023,13:05,0.5,41400,41485.7,111.65,54.8,2023-03-09 13:42:00,33.2,151.35,2023-03-09 15:20:00,61.29999999999998,61.29999999999998,
16-03-2023,16-03-2023,13:05,0.5,38900,38983.8,140.65,241.3,2023-03-16 15:20:00,76.75,37.9,2023-03-16 13:32:00,61.800000000000004,61.800000000000004,
23-03-2023,23-03-2023,13:05,0.5,40100,40154.3,120.95,56.5,2023-03-23 13:48:00,67.35,483.85,2023-03-23 15:20:00,352.05,352.05,
29-03-2023,29-03-2023,13:05,0.5,39700,39754.15,143.25,68.55,2023-03-29 14:37:00,53.65,26.6,2023-03-29 14:01:00,-101.75,,-101.75
06-04-2023,06-04-2023,13:05,0.5,41100,41128.75,93.65,39.95,2023-04-06 13:39:00,64.95,66.35,2023-04-06 15:20:00,-52.30000000000001,,-52.30000000000001
13-04-2023,13-04-2023,13:05,0.5,41700,41712.85,81.1,436.7,2023-04-13 15:20:00,66.4,32.75,2023-04-13 13:36:00,321.95000000000005,321.95000000000005,
20-04-2023,20-04-2023,13:05,0.5,42200,42214.05,98.55,42.9,2023-04-20 13:58:00,80.5,39.55,2023-04-20 14:31:00,-96.6,,-96.6
27-04-2023,27-04-2023,13:05,0.5,42800,42847.65,90.05,211.75,2023-04-27 15:20:00,70.4,30.15,2023-04-27 13:22:00,81.44999999999999,81.44999999999999,
04-05-2023,04-05-2023,13:05,0.5,43400,43445.3,91.45,296.5,2023-05-04 15:20:00,47.35,20.25,2023-05-04 14:19:00,177.95000000000002,177.95000000000002,
11-05-2023,11-05-2023,13:05,0.5,43500,43553.3,124.75,44.4,2023-05-11 14:54:00,51.05,24.9,2023-05-11 14:16:00,-106.5,,-106.5
18-05-2023,18-05-2023,13:05,0.5,43900,43962.0,98.0,43.05,2023-05-18 14:07:00,71.25,34.55,2023-05-18 13:30:00,-91.65,,-91.65
25-05-2023,25-05-2023,13:05,0.5,43400,43453.95,101.05,276.1,2023-05-25 15:20:00,53.75,26.65,2023-05-25 14:12:00,147.95000000000002,147.95000000000002,
01-06-2023,01-06-2023,13:05,0.5,44100,44130.15,107.75,50.4,2023-06-01 13:52:00,62.2,324.6,2023-06-01 15:20:00,205.05000000000004,205.05000000000004,
08-06-2023,08-06-2023,13:05,0.5,44200,44265.35,115.1,44.95,2023-06-08 14:19:00,45.35,21.8,2023-06-08 13:45:00,-93.69999999999999,,-93.69999999999999
15-06-2023,15-06-2023,13:05,0.5,43600,43677.55,147.5,55.8,2023-06-15 14:04:00,47.85,161.1,2023-06-15 15:20:00,21.549999999999997,21.549999999999997,
22-06-2023,22-06-2023,13:05,0.5,43700,43750.5,88.2,38.65,2023-06-22 14:36:00,92.85,45.0,2023-06-22 13:18:00,-97.4,,-97.4
